img,sigma,H,AU1,AU2,AU3,AU4,AU5,AU6,AU7,AU8,AU9,AU10,AU11,AU12,AU13,AU14,AU15,AU16,AU17,AU18,Pose1,Pose2,Pose3,Pose4,Pose5,Pose6,Pose7,Pose8,Pose9,Pose10,Pose11,Pose12,C1,C2,C3,C4,C5,C6,C7,C8,C9,C10,C11,C12
flipped_image_098.png,0.5943297,-9.99999993922529e-09,0.0,0.0,0.0,0.0,0.0,0.0,0.0,0.0,0.0,0.0,0.0,0.0,0.0,0.0,0.0,0.0,0.0,0.0,0.0,0.0,0.0,0.0,0.0,0.0,0.0,0.0,0.0,0.0,0.0,0.0,142.05876,116.29831,97.086334,109.81749,117.97831,107.01182,23.85633,123.88007,125.24078,70.718254,115.087105,133.71376
image_068.png,0.5501132,0.0,0.11079168,0.09322134,0.0116257295,0.49936518,0.0,0.0,0.0,0.0,0.0,0.0,0.0,0.0,0.0,0.0,0.0,0.0,0.0,0.0,0.0,0.0,0.0,0.0,0.0,0.0,0.0,0.0,0.0,0.0,0.0,0.0,53.393887,153.71852,85.028885,126.64297,129.43578,81.80734,92.02112,117.16954,119.73353,20.53913,124.40197,129.17787
image_049.png,0.43044585,1.7554956674575806,0.0,0.0,0.0,0.0,0.0,0.0,0.0,0.0,0.0,0.0,0.0,0.0,0.0,0.0,0.0,0.0,0.0,0.0,0.0,0.0,0.0,0.0,0.0,0.0,0.0,0.0,0.0,0.0,0.0,0.0,80.48412,134.09477,94.590195,126.0012,127.452354,98.376526,173.14708,123.47853,109.18821,33.68151,125.67936,123.3008
image_115.png,0.53083223,1.826958417892456,0.0,0.0,0.0,0.0,0.0,0.0,0.0,0.0,0.0,0.0,0.0,0.0,0.0,0.0,0.0,0.0,0.0,0.0,0.0,0.0,0.0,0.0,0.0,0.0,0.0,0.0,0.0,0.0,0.0,0.0,67.6575,156.75926,73.55308,163.42519,114.4955,98.09829,15.885287,133.1251,131.02513,91.19749,140.91618,164.6046
image_121.png,0.60552883,1.4099470376968384,0.0,0.0,0.0,0.0,0.0,0.0,0.0,0.0,0.0,0.0,0.0,0.0,0.0,0.0,0.0,0.0,0.0,0.0,0.0,0.0,0.0,0.0,0.0,0.0,0.0,0.0,0.0,0.0,0.0,0.0,67.75489,160.0425,65.8994,129.45604,118.63084,97.46072,16.863178,129.19029,124.45075,83.88927,140.40146,165.4108
image_020.png,0.34025177,-9.99999993922529e-09,0.0,0.0,0.0,0.0,0.0,0.0,0.0,0.0,0.0,0.0,0.0,0.0,0.0,0.0,0.0,0.0,0.0,0.0,0.0,0.0,0.0,0.0,0.0,0.0,0.0,0.0,0.0,0.0,0.0,0.0,83.601585,156.51749,65.30849,128.76585,137.50403,71.27427,26.087416,127.3386,124.43625,175.50423,120.63225,133.01964
image_110.png,0.4359395,1.0775562524795532,0.0,0.0,0.0,0.0,0.0,0.0,0.0,0.0,0.0,0.0,0.0,0.0,0.0,0.0,0.0,0.0,0.0,0.0,0.0,0.0,0.0,0.0,0.0,0.0,0.0,0.0,0.0,0.0,0.0,0.0,148.81744,133.1208,106.04454,89.6198,130.76526,109.550575,198.01717,132.40118,116.92674,12.778396,131.11467,117.71785
image_113.png,0.496335,2.203169822692871,0.0,0.0,0.0,0.0,0.0,0.0,0.0,0.0,0.0,0.0,0.0,0.0,0.0,0.0,0.0,0.0,0.0,0.0,0.0,0.0,0.0,0.0,0.0,0.0,0.0,0.0,0.0,0.0,0.0,0.0,136.63484,118.18387,111.29584,59.113693,123.232285,116.5846,180.74692,116.70461,113.30125,13.454507,126.491646,124.68544
flipped_image_101.png,0.541349,0.0,0.0,0.0,0.0,0.0,0.0,0.0,0.0,0.0,0.0,0.0,0.0,0.0,0.0,0.0,0.0,0.0,0.0,0.0,0.0,0.0,0.0,0.0,0.0,0.0,0.0,0.0,0.0,0.0,0.0,0.0,73.31016,164.38475,60.04048,137.78163,119.76744,88.78965,95.33354,116.71966,112.55184,36.714405,118.31718,135.81982
image_017.png,0.355933,-9.99999993922529e-09,0.0,0.0,0.0,0.0,0.0,0.0,0.0,0.0,0.0,0.0,0.0,0.0,0.0,0.0,0.0,0.0,0.0,0.0,0.0,0.0,0.0,0.0,0.0,0.0,0.0,0.0,0.0,0.0,0.0,0.0,111.08712,141.1028,71.90622,50.49654,125.65582,115.43832,171.62325,117.50466,123.31182,157.79745,123.62507,144.27867
flipped_image_092.png,0.41893387,0.0,0.0,0.0,0.0,0.0,0.0,0.0,0.0,0.0,0.0,0.0,0.0,0.0,0.0,0.0,0.0,0.0,0.0,0.0,0.0,0.0,0.0,0.0,0.0,0.0,0.0,0.0,0.0,0.0,0.0,0.0,70.36146,146.87975,87.11439,154.31851,116.31716,108.66069,25.75078,123.29264,126.7352,112.41531,90.73204,165.97273
image_007.png,0.5315401,1.0397207736968994,0.13799399,0.045224052,0.028552778,0.5050115,0.0,0.0,0.0,0.0,0.0,0.0,0.0,0.0,0.0,0.0,0.0,0.0,0.0,0.0,0.0,0.0,0.0,0.0,0.0,0.0,0.0,0.0,0.0,0.0,0.0,0.0,80.66039,159.44641,62.955566,32.37541,123.7135,137.69196,96.02822,121.45117,165.77995,149.44281,111.47044,159.8655
image_106.png,0.4895491,1.011404275894165,0.0,0.0,0.0,0.0,0.0,0.0,0.0,0.0,0.0,0.0,0.0,0.0,0.0,0.0,0.0,0.0,0.0,0.0,0.0,0.0,0.0,0.0,0.0,0.0,0.0,0.0,0.0,0.0,0.0,0.0,79.02977,137.6752,85.4981,137.10492,116.10728,94.53699,170.48663,109.858864,105.122444,42.199036,121.36794,125.38523
image_062.png,0.56114197,0.0,0.0,0.0,0.0,0.0,0.0,0.0,0.0,0.0,0.0,0.0,0.0,0.0,0.0,0.0,0.0,0.0,0.0,0.0,0.0,0.0,0.0,0.0,0.0,0.0,0.0,0.0,0.0,0.0,0.0,0.0,80.55408,129.05011,95.20807,137.94933,117.18876,107.02177,35.00254,122.76297,120.97878,81.81533,109.8229,127.05037
flipped_image_028.png,0.43538684,1.2553493976593018,0.122522704,0.042485826,0.0021996314,0.42874497,0.0,0.0,0.0,0.0,0.0,0.0,0.0,0.0,0.0,0.0,0.0,0.0,0.0,0.0,0.0,0.0,0.0,0.0,0.0,0.0,0.0,0.0,0.0,0.0,0.0,0.0,113.887794,138.34892,105.17112,183.13583,122.46368,117.519485,37.44921,126.195694,135.6695,134.18877,117.85756,156.20358
image_081.png,0.47543585,1.6527882814407349,0.0,0.0,0.0,0.0,0.0,0.0,0.0,0.0,0.0,0.0,0.0,0.0,0.0,0.0,0.0,0.0,0.0,0.0,0.0,0.0,0.0,0.0,0.0,0.0,0.0,0.0,0.0,0.0,0.0,0.0,91.76312,150.42422,76.55917,148.26764,119.87318,111.74341,32.410843,129.28642,127.06922,116.032074,118.90447,155.76949
flipped_image_110.png,0.43577453,1.0997259616851807,0.0,0.0,0.0,0.0,0.0,0.0,0.0,0.0,0.0,0.0,0.0,0.0,0.0,0.0,0.0,0.0,0.0,0.0,0.0,0.0,0.0,0.0,0.0,0.0,0.0,0.0,0.0,0.0,0.0,0.0,149.32158,133.10973,106.146614,90.603836,130.85614,109.33151,198.13179,132.39497,116.93977,12.861972,131.11163,117.715454
image_090.png,0.46137637,0.0,0.0,0.0,0.0,0.0,0.0,0.0,0.0,0.0,0.0,0.0,0.0,0.0,0.0,0.0,0.0,0.0,0.0,0.0,0.0,0.0,0.0,0.0,0.0,0.0,0.0,0.0,0.0,0.0,0.0,0.0,118.821556,129.14114,83.3464,145.77701,110.42526,110.97942,31.905985,121.29397,123.45588,91.569885,105.7443,145.71663
flipped_image_138.png,0.5068303,1.0888999700546265,0.0,0.0,0.0,0.0,0.0,0.0,0.0,0.0,0.0,0.0,0.0,0.0,0.0,0.0,0.0,0.0,0.0,0.0,0.0,0.0,0.0,0.0,0.0,0.0,0.0,0.0,0.0,0.0,0.0,0.0,146.84921,114.194016,91.9358,39.495686,119.457466,139.91664,86.839615,111.264656,157.50513,131.33722,104.74546,159.51314
flipped_image_109.png,0.5668083,0.0,0.0,0.0,0.0,0.0,0.0,0.0,0.0,0.0,0.0,0.0,0.0,0.0,0.0,0.0,0.0,0.0,0.0,0.0,0.0,0.0,0.0,0.0,0.0,0.0,0.0,0.0,0.0,0.0,0.0,0.0,126.388115,143.13687,75.69425,29.534857,123.61294,123.46677,75.862854,139.44717,139.32242,121.26335,84.28287,161.60797
flipped_image_017.png,0.35504705,0.6931471824645996,0.0,0.0,0.0,0.0,0.0,0.0,0.0,0.0,0.0,0.0,0.0,0.0,0.0,0.0,0.0,0.0,0.0,0.0,0.0,0.0,0.0,0.0,0.0,0.0,0.0,0.0,0.0,0.0,0.0,0.0,111.091255,141.10677,71.899254,50.513462,125.65449,115.43394,171.64227,117.49437,123.28374,157.81088,123.62048,144.25775
image_047.png,0.6258229,0.6931471824645996,0.0,0.0,0.0,0.0,0.0,0.0,0.0,0.0,0.0,0.0,0.0,0.0,0.0,0.0,0.0,0.0,0.0,0.0,0.0,0.0,0.0,0.0,0.0,0.0,0.0,0.0,0.0,0.0,0.0,0.0,49.025887,165.35033,67.44169,26.672848,123.205315,125.46568,132.72894,105.63663,117.864525,90.301506,104.162926,135.35008
flipped_image_029.png,0.45584297,-9.99999993922529e-09,0.13020664,0.029490208,0.01601963,0.4639071,0.0,0.0,0.0,0.0,0.0,0.0,0.0,0.0,0.0,0.0,0.0,0.0,0.0,0.0,0.0,0.0,0.0,0.0,0.0,0.0,0.0,0.0,0.0,0.0,0.0,0.0,170.34062,127.29445,117.48876,28.62767,124.65037,131.25061,80.97659,133.62465,148.9675,139.16162,122.11779,160.05064
flipped_image_099.png,0.5785409,0.0,0.0,0.0,0.0,0.0,0.0,0.0,0.0,0.0,0.0,0.0,0.0,0.0,0.0,0.0,0.0,0.0,0.0,0.0,0.0,0.0,0.0,0.0,0.0,0.0,0.0,0.0,0.0,0.0,0.0,0.0,84.43064,155.67136,65.62953,159.32323,113.24608,94.72056,20.179714,126.4928,125.96455,103.192795,119.76388,155.09955
image_055.png,0.6018674,2.190234661102295,0.0,0.0,0.0,0.0,0.0,0.0,0.0,0.0,0.0,0.0,0.0,0.0,0.0,0.0,0.0,0.0,0.0,0.0,0.0,0.0,0.0,0.0,0.0,0.0,0.0,0.0,0.0,0.0,0.0,0.0,53.580624,131.85243,98.78509,102.42892,125.83098,94.771324,72.73105,124.23597,115.65616,40.767265,118.81243,128.00633
image_048.png,0.6123404,0.6870920062065125,0.0,0.0,0.0,0.0,0.0,0.0,0.0,0.0,0.0,0.0,0.0,0.0,0.0,0.0,0.0,0.0,0.0,0.0,0.0,0.0,0.0,0.0,0.0,0.0,0.0,0.0,0.0,0.0,0.0,0.0,60.833447,170.41452,59.2721,125.98313,118.814384,107.81262,22.65287,126.55413,121.636024,76.70151,107.19632,138.19765
image_032.png,0.47947973,2.3488991260528564,0.119452104,0.07191092,0.9895826,0.57769847,0.0,0.0,0.0,0.0,0.0,0.0,0.0,0.0,0.0,0.0,0.0,0.0,0.0,0.0,0.0,0.0,0.0,0.0,0.0,0.0,0.0,0.0,0.0,0.0,0.0,0.0,27.28751,125.3106,135.42998,152.67339,120.53698,139.15208,86.37749,123.88471,146.0111,113.560905,123.02327,145.13287
image_124.png,0.5689135,0.0,0.0,0.0,0.0,0.0,0.0,0.0,0.0,0.0,0.0,0.0,0.0,0.0,0.0,0.0,0.0,0.0,0.0,0.0,0.0,0.0,0.0,0.0,0.0,0.0,0.0,0.0,0.0,0.0,0.0,0.0,69.2449,157.91293,67.93419,118.69093,123.54161,89.022285,32.11454,124.293884,128.16644,96.02099,98.68467,152.36903
flipped_image_145.png,0.501582,-9.99999993922529e-09,0.0,0.0,0.0,0.0,0.0,0.0,0.0,0.0,0.0,0.0,0.0,0.0,0.0,0.0,0.0,0.0,0.0,0.0,0.0,0.0,0.0,0.0,0.0,0.0,0.0,0.0,0.0,0.0,0.0,0.0,95.59598,140.15942,79.41196,144.93742,124.451546,81.77429,23.104866,125.770706,127.48231,174.62282,118.67011,140.8851
image_105.png,0.57987183,0.0,0.0,0.0,0.0,0.0,0.0,0.0,0.0,0.0,0.0,0.0,0.0,0.0,0.0,0.0,0.0,0.0,0.0,0.0,0.0,0.0,0.0,0.0,0.0,0.0,0.0,0.0,0.0,0.0,0.0,0.0,144.23074,125.12777,87.239716,19.274027,124.49751,126.89804,73.51529,118.822334,133.08908,130.15843,84.40315,160.21817
image_142.png,0.4753065,0.0,0.0,0.0,0.0,0.0,0.0,0.0,0.0,0.0,0.0,0.0,0.0,0.0,0.0,0.0,0.0,0.0,0.0,0.0,0.0,0.0,0.0,0.0,0.0,0.0,0.0,0.0,0.0,0.0,0.0,0.0,92.524086,143.79085,74.58041,136.97089,125.453735,82.755394,39.34271,122.865456,119.99927,170.16824,124.828606,145.1142
flipped_image_131.png,0.56685466,0.8486855030059814,0.10421592,0.062326066,0.9905891,0.4837356,0.0,0.0,0.0,0.0,0.0,0.0,0.0,0.0,0.0,0.0,0.0,0.0,0.0,0.0,0.0,0.0,0.0,0.0,0.0,0.0,0.0,0.0,0.0,0.0,0.0,0.0,77.296234,150.24979,72.40943,136.97997,110.64833,106.320015,37.150803,120.060326,137.54688,103.03171,106.71536,153.39247
image_098.png,0.5945136,0.6931471824645996,0.0,0.0,0.0,0.0,0.0,0.0,0.0,0.0,0.0,0.0,0.0,0.0,0.0,0.0,0.0,0.0,0.0,0.0,0.0,0.0,0.0,0.0,0.0,0.0,0.0,0.0,0.0,0.0,0.0,0.0,141.93877,116.320625,97.07972,109.69399,117.93476,107.170334,23.769135,123.89886,125.22966,70.45279,115.13284,133.68736
flipped_image_133.png,0.6149613,0.0,0.0,0.0,0.0,0.0,0.0,0.0,0.0,0.0,0.0,0.0,0.0,0.0,0.0,0.0,0.0,0.0,0.0,0.0,0.0,0.0,0.0,0.0,0.0,0.0,0.0,0.0,0.0,0.0,0.0,0.0,68.58184,152.03839,73.08861,104.451935,127.32954,88.507805,28.696602,122.66998,130.70273,75.75372,118.48179,152.46951
flipped_image_093.png,0.45717296,0.6931471824645996,0.0,0.0,0.0,0.0,0.0,0.0,0.0,0.0,0.0,0.0,0.0,0.0,0.0,0.0,0.0,0.0,0.0,0.0,0.0,0.0,0.0,0.0,0.0,0.0,0.0,0.0,0.0,0.0,0.0,0.0,88.37989,151.01999,70.5355,18.326773,127.210495,129.40321,133.5052,109.81995,123.15853,98.935165,110.92531,154.70944
flipped_image_071.png,0.61586034,0.0,0.09097633,0.09521321,0.98432547,0.44356787,0.0,0.0,0.0,0.0,0.0,0.0,0.0,0.0,0.0,0.0,0.0,0.0,0.0,0.0,0.0,0.0,0.0,0.0,0.0,0.0,0.0,0.0,0.0,0.0,0.0,0.0,81.52433,146.66121,74.25698,163.40712,107.951096,102.40169,33.70817,121.86194,133.90111,97.06804,104.78276,161.12761
image_027.png,0.3666728,0.6931471824645996,0.13513333,0.07700304,0.9870936,0.59370804,0.0,0.0,0.0,0.0,0.0,0.0,0.0,0.0,0.0,0.0,0.0,0.0,0.0,0.0,0.0,0.0,0.0,0.0,0.0,0.0,0.0,0.0,0.0,0.0,0.0,0.0,116.53543,134.89899,104.861275,184.86522,121.28589,116.704094,35.79227,124.62172,130.39526,133.14108,115.51786,150.74452
image_135.png,0.5113428,0.5004023909568787,0.09752131,0.09561731,0.018059857,0.51750374,0.0,0.0,0.0,0.0,0.0,0.0,0.0,0.0,0.0,0.0,0.0,0.0,0.0,0.0,0.0,0.0,0.0,0.0,0.0,0.0,0.0,0.0,0.0,0.0,0.0,0.0,156.6047,112.65583,91.36491,25.226904,125.20638,136.01578,83.41395,118.685356,162.1947,147.11157,103.892044,161.00087
image_139.png,0.5545024,1.8399657011032104,0.09093284,0.09740498,0.95846605,0.59062624,0.0,0.0,0.0,0.0,0.0,0.0,0.0,0.0,0.0,0.0,0.0,0.0,0.0,0.0,0.0,0.0,0.0,0.0,0.0,0.0,0.0,0.0,0.0,0.0,0.0,0.0,142.52057,114.504845,92.89581,39.436207,118.957054,140.61742,76.39847,114.61295,156.30278,122.33207,106.56902,166.75423
image_067.png,0.6316334,-9.99999993922529e-09,0.0,0.0,0.0,0.0,0.0,0.0,0.0,0.0,0.0,0.0,0.0,0.0,0.0,0.0,0.0,0.0,0.0,0.0,0.0,0.0,0.0,0.0,0.0,0.0,0.0,0.0,0.0,0.0,0.0,0.0,49.116062,171.15158,61.78486,130.16164,120.83783,90.14048,17.18119,126.26446,128.91113,85.252014,117.531364,159.54724
image_075.png,0.44478935,0.5735160112380981,0.0,0.0,0.0,0.0,0.0,0.0,0.0,0.0,0.0,0.0,0.0,0.0,0.0,0.0,0.0,0.0,0.0,0.0,0.0,0.0,0.0,0.0,0.0,0.0,0.0,0.0,0.0,0.0,0.0,0.0,78.87443,146.54001,76.912155,143.42216,116.346954,115.887794,34.57826,121.54977,128.21446,89.425964,108.36839,134.8012
image_070.png,0.60600317,0.0,0.0,0.0,0.0,0.0,0.0,0.0,0.0,0.0,0.0,0.0,0.0,0.0,0.0,0.0,0.0,0.0,0.0,0.0,0.0,0.0,0.0,0.0,0.0,0.0,0.0,0.0,0.0,0.0,0.0,0.0,50.491825,171.3886,61.40466,127.78307,124.482574,90.26408,19.85233,127.054184,126.73371,84.27472,113.605965,155.96791
flipped_image_007.png,0.531426,1.2424533367156982,0.14417404,0.020764189,0.032861203,0.5047857,0.0,0.0,0.0,0.0,0.0,0.0,0.0,0.0,0.0,0.0,0.0,0.0,0.0,0.0,0.0,0.0,0.0,0.0,0.0,0.0,0.0,0.0,0.0,0.0,0.0,0.0,80.66039,159.44641,62.955566,32.373177,123.71286,137.69022,96.02519,121.452095,165.77946,149.44281,111.47044,159.8655
image_008.png,0.37484157,1.7009204626083374,0.088742174,0.06237629,0.9643008,0.57256514,0.0,0.0,0.0,0.0,0.0,0.0,0.0,0.0,0.0,0.0,0.0,0.0,0.0,0.0,0.0,0.0,0.0,0.0,0.0,0.0,0.0,0.0,0.0,0.0,0.0,0.0,80.47071,149.25404,75.45939,44.89536,124.64825,128.96884,155.24612,121.05505,136.68027,115.46968,125.433464,158.83328
flipped_image_073.png,0.47516984,1.0775562524795532,0.0,0.0,0.0,0.0,0.0,0.0,0.0,0.0,0.0,0.0,0.0,0.0,0.0,0.0,0.0,0.0,0.0,0.0,0.0,0.0,0.0,0.0,0.0,0.0,0.0,0.0,0.0,0.0,0.0,0.0,120.517395,141.87492,78.774826,18.629627,127.07403,128.28563,184.74197,117.32133,122.91374,83.24501,130.36986,165.65266
flipped_image_065.png,0.5008393,0.0,0.0,0.0,0.0,0.0,0.0,0.0,0.0,0.0,0.0,0.0,0.0,0.0,0.0,0.0,0.0,0.0,0.0,0.0,0.0,0.0,0.0,0.0,0.0,0.0,0.0,0.0,0.0,0.0,0.0,0.0,81.35461,147.05441,75.39251,120.45518,118.79844,106.54373,33.46222,126.77071,130.58183,77.04581,134.1515,159.66228
flipped_image_127.png,0.61841035,0.0,0.09921519,0.038314745,0.0027505576,0.48121622,0.0,0.0,0.0,0.0,0.0,0.0,0.0,0.0,0.0,0.0,0.0,0.0,0.0,0.0,0.0,0.0,0.0,0.0,0.0,0.0,0.0,0.0,0.0,0.0,0.0,0.0,70.74372,152.60736,71.670006,102.3975,127.593864,88.63566,73.44887,120.78917,130.10878,34.87333,116.1283,136.94339
flipped_image_080.png,0.38677785,2.7656028270721436,0.0,0.0,0.0,0.0,0.0,0.0,0.0,0.0,0.0,0.0,0.0,0.0,0.0,0.0,0.0,0.0,0.0,0.0,0.0,0.0,0.0,0.0,0.0,0.0,0.0,0.0,0.0,0.0,0.0,0.0,91.90307,121.36503,115.47023,123.14511,117.881485,115.653404,163.54745,116.49464,117.45838,41.19981,123.19721,126.34562
image_019.png,0.38318205,1.8703006505966187,0.0,0.0,0.0,0.0,0.0,0.0,0.0,0.0,0.0,0.0,0.0,0.0,0.0,0.0,0.0,0.0,0.0,0.0,0.0,0.0,0.0,0.0,0.0,0.0,0.0,0.0,0.0,0.0,0.0,0.0,86.50686,149.11324,71.80793,40.249084,131.47028,107.9661,158.09885,118.81499,117.216034,128.52762,120.80313,144.88303
image_114.png,0.42562106,1.992109775543213,0.0,0.0,0.0,0.0,0.0,0.0,0.0,0.0,0.0,0.0,0.0,0.0,0.0,0.0,0.0,0.0,0.0,0.0,0.0,0.0,0.0,0.0,0.0,0.0,0.0,0.0,0.0,0.0,0.0,0.0,83.5361,161.9073,62.940125,138.55759,126.06103,100.025734,16.15041,128.35292,125.545166,218.10579,126.98163,129.45271
flipped_image_137.png,0.49814892,2.551654100418091,0.0,0.0,0.0,0.0,0.0,0.0,0.0,0.0,0.0,0.0,0.0,0.0,0.0,0.0,0.0,0.0,0.0,0.0,0.0,0.0,0.0,0.0,0.0,0.0,0.0,0.0,0.0,0.0,0.0,0.0,146.49567,113.81001,92.73707,37.383564,119.87748,137.79863,84.80675,112.82343,152.96446,136.74684,107.16193,156.03372
flipped_image_083.png,0.29896215,2.5710160732269287,0.0,0.0,0.0,0.0,0.0,0.0,0.0,0.0,0.0,0.0,0.0,0.0,0.0,0.0,0.0,0.0,0.0,0.0,0.0,0.0,0.0,0.0,0.0,0.0,0.0,0.0,0.0,0.0,0.0,0.0,189.04533,121.130325,118.92802,157.41635,120.78742,119.1226,99.23404,121.92188,121.74879,27.936121,125.287636,125.16617
flipped_image_075.png,0.44521126,0.4843900799751282,0.0,0.0,0.0,0.0,0.0,0.0,0.0,0.0,0.0,0.0,0.0,0.0,0.0,0.0,0.0,0.0,0.0,0.0,0.0,0.0,0.0,0.0,0.0,0.0,0.0,0.0,0.0,0.0,0.0,0.0,78.87443,146.54001,76.912155,143.41914,116.34705,115.887215,34.57826,121.54977,128.21446,89.42308,108.36711,134.80472
flipped_image_130.png,0.49696684,2.0130810737609863,0.0,0.0,0.0,0.0,0.0,0.0,0.0,0.0,0.0,0.0,0.0,0.0,0.0,0.0,0.0,0.0,0.0,0.0,0.0,0.0,0.0,0.0,0.0,0.0,0.0,0.0,0.0,0.0,0.0,0.0,79.81126,147.83826,74.98766,137.60255,114.76253,109.978966,89.58345,118.87223,128.7404,41.551094,120.56586,135.98485
image_102.png,0.40998593,0.6869615316390991,0.0,0.0,0.0,0.0,0.0,0.0,0.0,0.0,0.0,0.0,0.0,0.0,0.0,0.0,0.0,0.0,0.0,0.0,0.0,0.0,0.0,0.0,0.0,0.0,0.0,0.0,0.0,0.0,0.0,0.0,103.42627,157.41286,150.42809,9.778857,128.18617,126.01922,210.68713,123.532455,132.06636,159.49582,113.65006,124.60642
flipped_image_012.png,0.49251232,0.0,0.0,0.0,0.0,0.0,0.0,0.0,0.0,0.0,0.0,0.0,0.0,0.0,0.0,0.0,0.0,0.0,0.0,0.0,0.0,0.0,0.0,0.0,0.0,0.0,0.0,0.0,0.0,0.0,0.0,0.0,76.515816,157.57625,65.68393,106.176155,149.2201,64.92856,19.41584,125.61904,122.57453,109.15457,126.740875,158.13019
flipped_image_024.png,0.41054612,1.7482280731201172,0.0,0.0,0.0,0.0,0.0,0.0,0.0,0.0,0.0,0.0,0.0,0.0,0.0,0.0,0.0,0.0,0.0,0.0,0.0,0.0,0.0,0.0,0.0,0.0,0.0,0.0,0.0,0.0,0.0,0.0,86.14235,148.94038,71.4397,124.26859,134.16907,77.79984,48.52265,121.226524,124.92481,157.37775,122.43641,142.61253
flipped_image_057.png,0.50614834,0.0,0.0,0.0,0.0,0.0,0.0,0.0,0.0,0.0,0.0,0.0,0.0,0.0,0.0,0.0,0.0,0.0,0.0,0.0,0.0,0.0,0.0,0.0,0.0,0.0,0.0,0.0,0.0,0.0,0.0,0.0,77.48452,158.02362,65.37033,171.73038,116.88305,108.71468,21.21222,125.69619,125.217926,106.42555,106.34779,134.9111
flipped_image_107.png,0.52178824,0.6365141272544861,0.0,0.0,0.0,0.0,0.0,0.0,0.0,0.0,0.0,0.0,0.0,0.0,0.0,0.0,0.0,0.0,0.0,0.0,0.0,0.0,0.0,0.0,0.0,0.0,0.0,0.0,0.0,0.0,0.0,0.0,57.29053,146.07692,82.28504,123.16751,118.74181,94.52444,160.43568,111.90948,102.57546,33.479885,122.25447,122.78086
image_084.png,0.5286212,1.0356584787368774,0.0,0.0,0.0,0.0,0.0,0.0,0.0,0.0,0.0,0.0,0.0,0.0,0.0,0.0,0.0,0.0,0.0,0.0,0.0,0.0,0.0,0.0,0.0,0.0,0.0,0.0,0.0,0.0,0.0,0.0,94.20622,128.08102,105.68297,157.13168,107.70417,110.43289,31.41907,125.12534,130.23297,106.27283,119.30592,156.02179
image_016.png,0.32338914,0.0,0.0,0.0,0.0,0.0,0.0,0.0,0.0,0.0,0.0,0.0,0.0,0.0,0.0,0.0,0.0,0.0,0.0,0.0,0.0,0.0,0.0,0.0,0.0,0.0,0.0,0.0,0.0,0.0,0.0,0.0,96.23826,147.27817,69.601,122.2645,127.45551,84.289665,36.842163,124.73307,116.36989,163.4045,119.09544,132.60635
image_094.png,0.5242302,0.8647400736808777,0.0,0.0,0.0,0.0,0.0,0.0,0.0,0.0,0.0,0.0,0.0,0.0,0.0,0.0,0.0,0.0,0.0,0.0,0.0,0.0,0.0,0.0,0.0,0.0,0.0,0.0,0.0,0.0,0.0,0.0,87.31597,138.56274,83.38045,23.480196,123.695244,126.91578,123.65881,110.549934,131.43027,76.67857,123.36494,153.68346
flipped_image_128.png,0.611388,-9.99999993922529e-09,0.109023646,0.11149442,0.010662784,0.4889437,0.0,0.0,0.0,0.0,0.0,0.0,0.0,0.0,0.0,0.0,0.0,0.0,0.0,0.0,0.0,0.0,0.0,0.0,0.0,0.0,0.0,0.0,0.0,0.0,0.0,0.0,72.30772,151.56102,72.22692,104.26365,125.81652,93.011696,75.113335,127.45173,129.64795,35.93615,116.51871,136.07483
image_005.png,0.33396232,1.9884893894195557,0.0,0.0,0.0,0.0,0.0,0.0,0.0,0.0,0.0,0.0,0.0,0.0,0.0,0.0,0.0,0.0,0.0,0.0,0.0,0.0,0.0,0.0,0.0,0.0,0.0,0.0,0.0,0.0,0.0,0.0,75.21483,169.4976,58.186253,208.74689,128.9927,134.17209,54.28834,124.14603,129.51192,151.37784,125.10855,160.45572
image_104.png,0.5040492,0.0,0.0,0.0,0.0,0.0,0.0,0.0,0.0,0.0,0.0,0.0,0.0,0.0,0.0,0.0,0.0,0.0,0.0,0.0,0.0,0.0,0.0,0.0,0.0,0.0,0.0,0.0,0.0,0.0,0.0,0.0,87.67427,159.57643,60.990288,35.713127,127.51287,124.84625,182.04218,102.800476,102.57594,143.36742,83.94516,161.3179
image_149.png,0.5098504,-9.99999993922529e-09,0.0,0.0,0.0,0.0,0.0,0.0,0.0,0.0,0.0,0.0,0.0,0.0,0.0,0.0,0.0,0.0,0.0,0.0,0.0,0.0,0.0,0.0,0.0,0.0,0.0,0.0,0.0,0.0,0.0,0.0,116.005394,130.1738,82.622185,40.60505,119.85686,127.19194,151.97221,122.58903,152.72536,93.32883,129.34889,168.34253
flipped_image_126.png,0.528198,-9.99999993922529e-09,0.0,0.0,0.0,0.0,0.0,0.0,0.0,0.0,0.0,0.0,0.0,0.0,0.0,0.0,0.0,0.0,0.0,0.0,0.0,0.0,0.0,0.0,0.0,0.0,0.0,0.0,0.0,0.0,0.0,0.0,76.0643,190.45544,37.107567,31.152662,129.72765,120.08945,175.96368,108.86595,101.38139,125.42797,96.192345,136.3182
flipped_image_003.png,0.5591234,0.0,0.100046,0.027928814,0.98228425,0.4700318,0.0,0.0,0.0,0.0,0.0,0.0,0.0,0.0,0.0,0.0,0.0,0.0,0.0,0.0,0.0,0.0,0.0,0.0,0.0,0.0,0.0,0.0,0.0,0.0,0.0,0.0,96.69771,154.87285,63.682453,143.01727,120.087524,90.951164,25.37575,124.070435,125.6372,97.20672,116.598274,159.6297
image_091.png,0.46851066,0.0,0.0,0.0,0.0,0.0,0.0,0.0,0.0,0.0,0.0,0.0,0.0,0.0,0.0,0.0,0.0,0.0,0.0,0.0,0.0,0.0,0.0,0.0,0.0,0.0,0.0,0.0,0.0,0.0,0.0,0.0,85.88652,150.35289,70.51565,141.06242,117.197105,108.96541,24.537601,128.08423,126.01123,102.58613,102.25249,149.84795
flipped_image_040.png,0.61505145,-9.99999993922529e-09,0.121458024,0.063718066,0.00756321,0.49574232,0.0,0.0,0.0,0.0,0.0,0.0,0.0,0.0,0.0,0.0,0.0,0.0,0.0,0.0,0.0,0.0,0.0,0.0,0.0,0.0,0.0,0.0,0.0,0.0,0.0,0.0,54.66881,180.15576,52.287434,131.86708,124.04914,87.39391,10.814322,126.250725,127.70903,69.1717,133.32352,136.06961
image_041.png,0.55744386,0.0,0.0,0.0,0.0,0.0,0.0,0.0,0.0,0.0,0.0,0.0,0.0,0.0,0.0,0.0,0.0,0.0,0.0,0.0,0.0,0.0,0.0,0.0,0.0,0.0,0.0,0.0,0.0,0.0,0.0,0.0,49.026028,160.5787,72.19496,110.18557,135.47789,80.967766,67.292755,145.1209,130.77684,14.249674,127.244995,126.77184
flipped_image_046.png,0.6999202,0.0,0.0,0.0,0.0,0.0,0.0,0.0,0.0,0.0,0.0,0.0,0.0,0.0,0.0,0.0,0.0,0.0,0.0,0.0,0.0,0.0,0.0,0.0,0.0,0.0,0.0,0.0,0.0,0.0,0.0,0.0,52.309982,169.35616,62.85934,97.40754,148.36194,68.551384,13.282931,129.7322,120.6127,80.64964,98.51323,151.19528
flipped_image_026.png,0.45895723,0.0,0.0,0.0,0.0,0.0,0.0,0.0,0.0,0.0,0.0,0.0,0.0,0.0,0.0,0.0,0.0,0.0,0.0,0.0,0.0,0.0,0.0,0.0,0.0,0.0,0.0,0.0,0.0,0.0,0.0,0.0,105.374405,143.20229,72.009315,130.30434,128.65492,80.350075,51.903553,123.125626,113.8109,165.69267,119.73603,131.53911
flipped_image_140.png,0.58107126,1.0789921283721924,0.11858233,0.041942935,0.007271804,0.49331534,0.0,0.0,0.0,0.0,0.0,0.0,0.0,0.0,0.0,0.0,0.0,0.0,0.0,0.0,0.0,0.0,0.0,0.0,0.0,0.0,0.0,0.0,0.0,0.0,0.0,0.0,142.46892,106.954025,102.91049,21.699091,123.18979,137.05692,69.17513,115.93333,160.07494,124.60026,105.18529,162.13579
image_038.png,0.4929416,2.1295528411865234,0.0,0.0,0.0,0.0,0.0,0.0,0.0,0.0,0.0,0.0,0.0,0.0,0.0,0.0,0.0,0.0,0.0,0.0,0.0,0.0,0.0,0.0,0.0,0.0,0.0,0.0,0.0,0.0,0.0,0.0,118.15581,130.4615,81.30742,41.474987,126.592834,127.56525,165.52292,115.7269,123.75381,97.07385,107.660675,144.00807
flipped_image_015.png,0.33450937,0.0,0.0,0.0,0.0,0.0,0.0,0.0,0.0,0.0,0.0,0.0,0.0,0.0,0.0,0.0,0.0,0.0,0.0,0.0,0.0,0.0,0.0,0.0,0.0,0.0,0.0,0.0,0.0,0.0,0.0,0.0,109.289986,135.8088,78.36525,136.6088,124.92374,82.97728,51.589405,123.21971,119.6489,169.96034,119.86214,138.43031
flipped_image_084.png,0.5278352,0.8239957690238953,0.0,0.0,0.0,0.0,0.0,0.0,0.0,0.0,0.0,0.0,0.0,0.0,0.0,0.0,0.0,0.0,0.0,0.0,0.0,0.0,0.0,0.0,0.0,0.0,0.0,0.0,0.0,0.0,0.0,0.0,94.14725,128.05484,105.80181,157.0711,107.713684,110.346664,31.397093,125.12791,130.23448,106.31462,119.30186,156.06691
flipped_image_116.png,0.5195847,1.740891695022583,0.0,0.0,0.0,0.0,0.0,0.0,0.0,0.0,0.0,0.0,0.0,0.0,0.0,0.0,0.0,0.0,0.0,0.0,0.0,0.0,0.0,0.0,0.0,0.0,0.0,0.0,0.0,0.0,0.0,0.0,77.20428,153.55798,70.615,150.43787,116.60366,98.4639,18.057087,131.94095,122.80981,93.540886,128.78297,160.02588
image_136.png,0.5511157,1.289528250694275,0.11372909,0.039215907,0.015138426,0.52711236,0.0,0.0,0.0,0.0,0.0,0.0,0.0,0.0,0.0,0.0,0.0,0.0,0.0,0.0,0.0,0.0,0.0,0.0,0.0,0.0,0.0,0.0,0.0,0.0,0.0,0.0,154.99168,112.191864,92.2634,28.483667,122.10397,136.52397,93.703926,115.00748,162.9098,154.21825,103.413574,154.95186
flipped_image_115.png,0.5312604,1.7234196662902832,0.0,0.0,0.0,0.0,0.0,0.0,0.0,0.0,0.0,0.0,0.0,0.0,0.0,0.0,0.0,0.0,0.0,0.0,0.0,0.0,0.0,0.0,0.0,0.0,0.0,0.0,0.0,0.0,0.0,0.0,67.649734,156.76045,73.55427,163.42323,114.49626,98.09754,15.892002,133.12787,131.03139,91.21124,140.91333,164.60934
image_071.png,0.615746,0.0,0.106459245,0.04370156,0.96968967,0.5830317,0.0,0.0,0.0,0.0,0.0,0.0,0.0,0.0,0.0,0.0,0.0,0.0,0.0,0.0,0.0,0.0,0.0,0.0,0.0,0.0,0.0,0.0,0.0,0.0,0.0,0.0,81.52433,146.66121,74.25698,163.40712,107.951096,102.40169,33.70162,121.86616,133.89665,97.052536,104.782555,161.12387
flipped_image_035.png,0.4485007,2.4957308769226074,0.11560216,0.015659105,0.020737601,0.4886487,0.0,0.0,0.0,0.0,0.0,0.0,0.0,0.0,0.0,0.0,0.0,0.0,0.0,0.0,0.0,0.0,0.0,0.0,0.0,0.0,0.0,0.0,0.0,0.0,0.0,0.0,37.217636,123.00987,136.09755,143.84537,119.37092,136.49417,108.96165,121.55186,141.90968,83.96345,122.25412,143.18558
flipped_image_118.png,0.4055343,2.7626760005950928,0.0,0.0,0.0,0.0,0.0,0.0,0.0,0.0,0.0,0.0,0.0,0.0,0.0,0.0,0.0,0.0,0.0,0.0,0.0,0.0,0.0,0.0,0.0,0.0,0.0,0.0,0.0,0.0,0.0,0.0,114.589615,137.26358,76.53539,162.11661,113.26376,100.84035,36.699497,125.63598,121.34456,133.57431,124.84896,142.06908
image_103.png,0.58095926,0.0,0.0,0.0,0.0,0.0,0.0,0.0,0.0,0.0,0.0,0.0,0.0,0.0,0.0,0.0,0.0,0.0,0.0,0.0,0.0,0.0,0.0,0.0,0.0,0.0,0.0,0.0,0.0,0.0,0.0,0.0,73.27351,155.68962,70.30777,145.6578,128.73692,79.82726,17.353992,126.84714,121.59139,60.61145,109.49251,150.84549
image_012.png,0.492739,0.0,0.0,0.0,0.0,0.0,0.0,0.0,0.0,0.0,0.0,0.0,0.0,0.0,0.0,0.0,0.0,0.0,0.0,0.0,0.0,0.0,0.0,0.0,0.0,0.0,0.0,0.0,0.0,0.0,0.0,0.0,76.57268,157.58908,65.65325,106.22498,149.17691,64.956955,19.419943,125.61936,122.57245,109.15457,126.740875,158.13019
flipped_image_122.png,0.325238,1.5222480297088623,0.0,0.0,0.0,0.0,0.0,0.0,0.0,0.0,0.0,0.0,0.0,0.0,0.0,0.0,0.0,0.0,0.0,0.0,0.0,0.0,0.0,0.0,0.0,0.0,0.0,0.0,0.0,0.0,0.0,0.0,26.410751,134.9166,118.429535,83.85167,139.15001,124.824356,195.5839,118.799126,120.44371,150.35544,120.2403,135.97334
image_145.png,0.50113475,-9.99999993922529e-09,0.0,0.0,0.0,0.0,0.0,0.0,0.0,0.0,0.0,0.0,0.0,0.0,0.0,0.0,0.0,0.0,0.0,0.0,0.0,0.0,0.0,0.0,0.0,0.0,0.0,0.0,0.0,0.0,0.0,0.0,95.59598,140.15942,79.41196,144.93742,124.451546,81.77429,23.104866,125.770706,127.48231,174.62282,118.67011,140.8851
image_001.png,0.24926928,-9.99999993922529e-09,0.0,0.0,0.0,0.0,0.0,0.0,0.0,0.0,0.0,0.0,0.0,0.0,0.0,0.0,0.0,0.0,0.0,0.0,0.0,0.0,0.0,0.0,0.0,0.0,0.0,0.0,0.0,0.0,0.0,0.0,169.67584,117.07373,95.67674,129.01393,144.00162,132.98454,56.038227,131.95837,133.24261,190.05013,126.482666,130.50476
image_079.png,0.456445,2.4928650856018066,0.0,0.0,0.0,0.0,0.0,0.0,0.0,0.0,0.0,0.0,0.0,0.0,0.0,0.0,0.0,0.0,0.0,0.0,0.0,0.0,0.0,0.0,0.0,0.0,0.0,0.0,0.0,0.0,0.0,0.0,89.21718,140.80247,83.02437,132.73116,122.02912,98.35215,37.00763,125.31897,123.88107,115.00863,119.1455,145.48145
image_109.png,0.56657153,0.0,0.0,0.0,0.0,0.0,0.0,0.0,0.0,0.0,0.0,0.0,0.0,0.0,0.0,0.0,0.0,0.0,0.0,0.0,0.0,0.0,0.0,0.0,0.0,0.0,0.0,0.0,0.0,0.0,0.0,0.0,126.388115,143.13687,75.69425,29.534857,123.61294,123.46677,75.862854,139.44717,139.32242,121.26335,84.28287,161.60797
image_133.png,0.61516064,0.0,0.0,0.0,0.0,0.0,0.0,0.0,0.0,0.0,0.0,0.0,0.0,0.0,0.0,0.0,0.0,0.0,0.0,0.0,0.0,0.0,0.0,0.0,0.0,0.0,0.0,0.0,0.0,0.0,0.0,0.0,68.58184,152.03839,73.08861,104.45234,127.33119,88.50469,28.696602,122.66998,130.70273,75.757065,118.48049,152.46547
image_119.png,0.56408626,2.1113672256469727,0.0,0.0,0.0,0.0,0.0,0.0,0.0,0.0,0.0,0.0,0.0,0.0,0.0,0.0,0.0,0.0,0.0,0.0,0.0,0.0,0.0,0.0,0.0,0.0,0.0,0.0,0.0,0.0,0.0,0.0,74.82664,154.12793,70.28457,137.96635,117.9668,94.642784,18.547062,126.99852,130.52696,91.65324,113.72423,153.87184
image_006.png,0.54486364,-9.99999993922529e-09,0.12499879,0.040256947,0.012475602,0.5154349,0.0,0.0,0.0,0.0,0.0,0.0,0.0,0.0,0.0,0.0,0.0,0.0,0.0,0.0,0.0,0.0,0.0,0.0,0.0,0.0,0.0,0.0,0.0,0.0,0.0,0.0,91.36344,166.53857,52.90004,22.044386,124.15271,134.2716,73.86333,121.7499,158.56157,153.50871,113.19478,167.10944
image_082.png,0.28028905,2.3207595348358154,0.0,0.0,0.0,0.0,0.0,0.0,0.0,0.0,0.0,0.0,0.0,0.0,0.0,0.0,0.0,0.0,0.0,0.0,0.0,0.0,0.0,0.0,0.0,0.0,0.0,0.0,0.0,0.0,0.0,0.0,83.03934,124.59419,118.64894,189.0077,121.0698,118.85009,152.49297,121.33416,119.57543,31.560919,126.22855,124.43853
image_022.png,0.41366467,0.9743147492408752,0.0,0.0,0.0,0.0,0.0,0.0,0.0,0.0,0.0,0.0,0.0,0.0,0.0,0.0,0.0,0.0,0.0,0.0,0.0,0.0,0.0,0.0,0.0,0.0,0.0,0.0,0.0,0.0,0.0,0.0,108.63689,147.75497,66.13904,145.54161,127.31478,79.70343,25.407995,126.15354,124.91795,172.37904,123.59322,143.47
image_018.png,0.33801255,0.0,0.0,0.0,0.0,0.0,0.0,0.0,0.0,0.0,0.0,0.0,0.0,0.0,0.0,0.0,0.0,0.0,0.0,0.0,0.0,0.0,0.0,0.0,0.0,0.0,0.0,0.0,0.0,0.0,0.0,0.0,101.27498,140.1467,75.54497,127.15141,129.17285,81.07064,46.59217,124.49988,117.613625,165.85123,120.829506,135.59929
flipped_image_079.png,0.456436,2.52701473236084,0.0,0.0,0.0,0.0,0.0,0.0,0.0,0.0,0.0,0.0,0.0,0.0,0.0,0.0,0.0,0.0,0.0,0.0,0.0,0.0,0.0,0.0,0.0,0.0,0.0,0.0,0.0,0.0,0.0,0.0,89.24002,140.814,82.99981,132.69827,122.014145,98.41902,37.03399,125.3179,123.878525,115.00973,119.146126,145.53084
image_004.png,0.5773895,0.0,0.10219295,0.064540945,0.9688174,0.56646365,0.0,0.0,0.0,0.0,0.0,0.0,0.0,0.0,0.0,0.0,0.0,0.0,0.0,0.0,0.0,0.0,0.0,0.0,0.0,0.0,0.0,0.0,0.0,0.0,0.0,0.0,124.06767,133.39839,76.68165,26.71073,121.386826,131.63765,93.63301,126.06069,161.13278,66.45277,115.6839,153.39754
image_078.png,0.48548043,1.1935495138168335,0.09813349,0.06502984,0.0052591483,0.45933598,0.0,0.0,0.0,0.0,0.0,0.0,0.0,0.0,0.0,0.0,0.0,0.0,0.0,0.0,0.0,0.0,0.0,0.0,0.0,0.0,0.0,0.0,0.0,0.0,0.0,0.0,78.01794,153.2134,69.853195,37.074997,126.75255,129.73907,115.51482,113.70232,116.82988,96.811005,101.72903,155.65494
flipped_image_077.png,0.48280632,0.0,0.0,0.0,0.0,0.0,0.0,0.0,0.0,0.0,0.0,0.0,0.0,0.0,0.0,0.0,0.0,0.0,0.0,0.0,0.0,0.0,0.0,0.0,0.0,0.0,0.0,0.0,0.0,0.0,0.0,0.0,103.60269,144.97984,71.25955,31.934416,127.664635,127.483185,113.90607,115.21827,120.49891,105.7444,107.38413,155.25589
image_054.png,0.646506,1.5223864316940308,0.0,0.0,0.0,0.0,0.0,0.0,0.0,0.0,0.0,0.0,0.0,0.0,0.0,0.0,0.0,0.0,0.0,0.0,0.0,0.0,0.0,0.0,0.0,0.0,0.0,0.0,0.0,0.0,0.0,0.0,57.4633,128.13564,103.35687,105.37067,121.24776,101.08864,29.292036,120.89997,126.147285,71.34887,114.69875,127.70119
image_029.png,0.455182,0.6931471824645996,0.11610733,0.034129214,0.01084976,0.5407264,0.0,0.0,0.0,0.0,0.0,0.0,0.0,0.0,0.0,0.0,0.0,0.0,0.0,0.0,0.0,0.0,0.0,0.0,0.0,0.0,0.0,0.0,0.0,0.0,0.0,0.0,170.40605,127.277,117.50941,28.628662,124.65081,131.25157,81.033936,133.63126,148.90234,139.17061,122.116425,160.05977
flipped_image_063.png,0.4379109,-9.99999993922529e-09,0.10795554,0.086792715,0.021695664,0.50503695,0.0,0.0,0.0,0.0,0.0,0.0,0.0,0.0,0.0,0.0,0.0,0.0,0.0,0.0,0.0,0.0,0.0,0.0,0.0,0.0,0.0,0.0,0.0,0.0,0.0,0.0,79.2108,151.416,71.04977,27.755543,126.27718,129.42905,142.92009,111.49332,121.173645,99.76102,126.61582,155.42126
flipped_image_034.png,0.51744264,2.074226140975952,0.098475516,0.014828521,0.0017135906,0.47098684,0.0,0.0,0.0,0.0,0.0,0.0,0.0,0.0,0.0,0.0,0.0,0.0,0.0,0.0,0.0,0.0,0.0,0.0,0.0,0.0,0.0,0.0,0.0,0.0,0.0,0.0,32.059017,122.6743,136.35365,134.8579,118.73165,139.80038,73.59062,121.195595,144.03983,101.63291,120.97949,143.82875
flipped_image_114.png,0.42557886,1.7508337497711182,0.0,0.0,0.0,0.0,0.0,0.0,0.0,0.0,0.0,0.0,0.0,0.0,0.0,0.0,0.0,0.0,0.0,0.0,0.0,0.0,0.0,0.0,0.0,0.0,0.0,0.0,0.0,0.0,0.0,0.0,83.69992,161.68947,63.145508,138.88371,126.08278,100.02517,16.28139,128.30159,125.57026,218.14865,126.98195,129.4612
image_117.png,0.42126885,2.748530387878418,0.0,0.0,0.0,0.0,0.0,0.0,0.0,0.0,0.0,0.0,0.0,0.0,0.0,0.0,0.0,0.0,0.0,0.0,0.0,0.0,0.0,0.0,0.0,0.0,0.0,0.0,0.0,0.0,0.0,0.0,111.487175,142.0469,73.753716,170.70723,113.463745,102.40545,38.606915,129.25456,122.19504,139.12776,127.28204,157.90352
image_021.png,0.3877185,0.8982052803039551,0.0,0.0,0.0,0.0,0.0,0.0,0.0,0.0,0.0,0.0,0.0,0.0,0.0,0.0,0.0,0.0,0.0,0.0,0.0,0.0,0.0,0.0,0.0,0.0,0.0,0.0,0.0,0.0,0.0,0.0,108.835915,150.15744,64.34616,148.2236,127.18866,83.88099,28.656118,126.48477,123.56736,178.00446,123.711365,149.0131
flipped_image_055.png,0.60234517,2.1605026721954346,0.0,0.0,0.0,0.0,0.0,0.0,0.0,0.0,0.0,0.0,0.0,0.0,0.0,0.0,0.0,0.0,0.0,0.0,0.0,0.0,0.0,0.0,0.0,0.0,0.0,0.0,0.0,0.0,0.0,0.0,53.55946,131.86148,98.77519,102.501076,125.82201,94.766716,72.786896,124.28859,115.501,40.82334,118.80669,128.014
image_123.png,0.5745976,0.8556886315345764,0.0,0.0,0.0,0.0,0.0,0.0,0.0,0.0,0.0,0.0,0.0,0.0,0.0,0.0,0.0,0.0,0.0,0.0,0.0,0.0,0.0,0.0,0.0,0.0,0.0,0.0,0.0,0.0,0.0,0.0,95.97678,156.7959,63.833412,146.78195,113.15419,94.86035,26.823574,127.71992,126.198204,106.548294,95.60586,153.24606
image_146.png,0.46153957,0.0,0.0,0.0,0.0,0.0,0.0,0.0,0.0,0.0,0.0,0.0,0.0,0.0,0.0,0.0,0.0,0.0,0.0,0.0,0.0,0.0,0.0,0.0,0.0,0.0,0.0,0.0,0.0,0.0,0.0,0.0,104.50739,137.54268,77.66386,156.06454,118.50666,96.5255,50.962234,122.34059,118.32418,141.55652,123.361336,155.53609
flipped_image_070.png,0.60636187,0.0,0.0,0.0,0.0,0.0,0.0,0.0,0.0,0.0,0.0,0.0,0.0,0.0,0.0,0.0,0.0,0.0,0.0,0.0,0.0,0.0,0.0,0.0,0.0,0.0,0.0,0.0,0.0,0.0,0.0,0.0,50.491825,171.3886,61.40466,127.78628,124.483055,90.262665,19.839231,127.05337,126.73239,84.26838,113.61013,155.95961
image_024.png,0.41017988,1.6535018682479858,0.0,0.0,0.0,0.0,0.0,0.0,0.0,0.0,0.0,0.0,0.0,0.0,0.0,0.0,0.0,0.0,0.0,0.0,0.0,0.0,0.0,0.0,0.0,0.0,0.0,0.0,0.0,0.0,0.0,0.0,86.14235,148.94038,71.4397,124.26859,134.16907,77.79984,48.52265,121.226524,124.92481,157.37775,122.43641,142.61253
flipped_image_042.png,0.6738299,0.0,0.0,0.0,0.0,0.0,0.0,0.0,0.0,0.0,0.0,0.0,0.0,0.0,0.0,0.0,0.0,0.0,0.0,0.0,0.0,0.0,0.0,0.0,0.0,0.0,0.0,0.0,0.0,0.0,0.0,0.0,61.34566,183.29834,47.532845,41.149387,165.85344,69.63647,14.014059,124.10535,128.05904,80.66645,94.308586,157.9008
flipped_image_006.png,0.544961,0.0,0.11451604,0.07063167,0.01292927,0.48419052,0.0,0.0,0.0,0.0,0.0,0.0,0.0,0.0,0.0,0.0,0.0,0.0,0.0,0.0,0.0,0.0,0.0,0.0,0.0,0.0,0.0,0.0,0.0,0.0,0.0,0.0,91.36461,166.53984,52.89835,22.774696,124.122826,134.65712,77.369194,121.5543,159.91605,154.43129,113.05055,166.95633
flipped_image_087.png,0.4279998,1.9614847898483276,0.0,0.0,0.0,0.0,0.0,0.0,0.0,0.0,0.0,0.0,0.0,0.0,0.0,0.0,0.0,0.0,0.0,0.0,0.0,0.0,0.0,0.0,0.0,0.0,0.0,0.0,0.0,0.0,0.0,0.0,91.71486,136.88548,94.1139,144.56543,119.619865,105.91069,37.900604,127.26279,130.38165,124.00976,115.921715,155.21373
image_138.png,0.50683165,1.0905994176864624,0.09856375,0.12275138,0.9735393,0.5675568,0.0,0.0,0.0,0.0,0.0,0.0,0.0,0.0,0.0,0.0,0.0,0.0,0.0,0.0,0.0,0.0,0.0,0.0,0.0,0.0,0.0,0.0,0.0,0.0,0.0,0.0,146.84921,114.194016,91.9358,39.48732,119.45905,139.91231,86.81512,111.26853,157.49968,131.31897,104.74794,159.51515
image_148.png,0.5192917,0.0,0.0,0.0,0.0,0.0,0.0,0.0,0.0,0.0,0.0,0.0,0.0,0.0,0.0,0.0,0.0,0.0,0.0,0.0,0.0,0.0,0.0,0.0,0.0,0.0,0.0,0.0,0.0,0.0,0.0,0.0,114.117516,132.2246,81.03367,37.80483,122.188324,126.01537,156.177,123.88445,154.69452,100.75256,131.77068,169.9313
flipped_image_125.png,0.53354293,0.0,0.12530413,0.03383414,0.01135571,0.5227503,0.0,0.0,0.0,0.0,0.0,0.0,0.0,0.0,0.0,0.0,0.0,0.0,0.0,0.0,0.0,0.0,0.0,0.0,0.0,0.0,0.0,0.0,0.0,0.0,0.0,0.0,90.05588,144.06113,76.325485,123.442215,123.25336,88.66177,38.607903,124.03503,123.79419,84.94236,120.19899,151.18066
image_050.png,0.6286917,1.713059902191162,0.0,0.0,0.0,0.0,0.0,0.0,0.0,0.0,0.0,0.0,0.0,0.0,0.0,0.0,0.0,0.0,0.0,0.0,0.0,0.0,0.0,0.0,0.0,0.0,0.0,0.0,0.0,0.0,0.0,0.0,54.53563,136.90146,92.49495,109.53565,129.22014,89.34823,60.181152,125.26645,126.4634,22.270643,123.203354,128.52432
image_112.png,0.5020703,1.862682819366455,0.0,0.0,0.0,0.0,0.0,0.0,0.0,0.0,0.0,0.0,0.0,0.0,0.0,0.0,0.0,0.0,0.0,0.0,0.0,0.0,0.0,0.0,0.0,0.0,0.0,0.0,0.0,0.0,0.0,0.0,134.0414,122.995094,107.8354,55.25211,124.89836,114.03295,183.82675,119.07096,113.70175,12.995335,126.88367,124.02766
flipped_image_081.png,0.47542498,1.7309836149215698,0.0,0.0,0.0,0.0,0.0,0.0,0.0,0.0,0.0,0.0,0.0,0.0,0.0,0.0,0.0,0.0,0.0,0.0,0.0,0.0,0.0,0.0,0.0,0.0,0.0,0.0,0.0,0.0,0.0,0.0,91.7717,150.40303,76.59898,148.3251,119.867645,111.71896,32.419407,129.28525,127.0748,116.05732,118.89984,155.75581
flipped_image_089.png,0.39701784,0.0,0.12481349,0.016814793,0.0045474838,0.50001806,0.0,0.0,0.0,0.0,0.0,0.0,0.0,0.0,0.0,0.0,0.0,0.0,0.0,0.0,0.0,0.0,0.0,0.0,0.0,0.0,0.0,0.0,0.0,0.0,0.0,0.0,117.556175,140.48189,72.9063,19.344547,128.03903,122.791725,93.5218,130.9449,138.6379,135.81526,115.33142,126.48922
flipped_image_086.png,0.46959272,2.6404011249542236,0.0,0.0,0.0,0.0,0.0,0.0,0.0,0.0,0.0,0.0,0.0,0.0,0.0,0.0,0.0,0.0,0.0,0.0,0.0,0.0,0.0,0.0,0.0,0.0,0.0,0.0,0.0,0.0,0.0,0.0,93.321014,136.30936,88.63516,142.43245,115.79072,107.20683,37.13594,126.200615,125.16916,108.65318,123.09251,148.42023
flipped_image_150.png,0.5723588,0.0,0.0,0.0,0.0,0.0,0.0,0.0,0.0,0.0,0.0,0.0,0.0,0.0,0.0,0.0,0.0,0.0,0.0,0.0,0.0,0.0,0.0,0.0,0.0,0.0,0.0,0.0,0.0,0.0,0.0,0.0,113.900444,128.10219,85.43048,38.08323,121.01485,129.76633,158.5932,123.8408,151.68486,106.82158,128.59663,170.75468
flipped_image_047.png,0.62680376,-9.99999993922529e-09,0.0,0.0,0.0,0.0,0.0,0.0,0.0,0.0,0.0,0.0,0.0,0.0,0.0,0.0,0.0,0.0,0.0,0.0,0.0,0.0,0.0,0.0,0.0,0.0,0.0,0.0,0.0,0.0,0.0,0.0,49.025887,165.35033,67.44169,26.672848,123.205315,125.46568,132.72894,105.63663,117.864525,90.301506,104.162926,135.35008
flipped_image_094.png,0.52369523,0.830523669719696,0.0,0.0,0.0,0.0,0.0,0.0,0.0,0.0,0.0,0.0,0.0,0.0,0.0,0.0,0.0,0.0,0.0,0.0,0.0,0.0,0.0,0.0,0.0,0.0,0.0,0.0,0.0,0.0,0.0,0.0,88.625916,138.01413,83.5607,23.479053,123.703545,126.82114,123.41363,110.41055,132.14076,75.79823,123.80996,153.72586
image_069.png,0.5646031,0.0,0.0,0.0,0.0,0.0,0.0,0.0,0.0,0.0,0.0,0.0,0.0,0.0,0.0,0.0,0.0,0.0,0.0,0.0,0.0,0.0,0.0,0.0,0.0,0.0,0.0,0.0,0.0,0.0,0.0,0.0,62.510807,163.17267,64.64568,99.80999,140.4056,75.53764,90.32403,116.81101,115.49116,23.755941,120.24413,129.2299
flipped_image_091.png,0.46838915,0.0,0.0,0.0,0.0,0.0,0.0,0.0,0.0,0.0,0.0,0.0,0.0,0.0,0.0,0.0,0.0,0.0,0.0,0.0,0.0,0.0,0.0,0.0,0.0,0.0,0.0,0.0,0.0,0.0,0.0,0.0,85.88272,150.35269,70.51696,141.06242,117.197105,108.96541,24.536695,128.08315,126.013435,102.58613,102.25249,149.84795
image_042.png,0.6732048,-9.99999993922529e-09,0.0,0.0,0.0,0.0,0.0,0.0,0.0,0.0,0.0,0.0,0.0,0.0,0.0,0.0,0.0,0.0,0.0,0.0,0.0,0.0,0.0,0.0,0.0,0.0,0.0,0.0,0.0,0.0,0.0,0.0,61.34566,183.29834,47.532845,41.149387,165.85344,69.63647,14.014059,124.10535,128.05904,80.66645,94.308586,157.9008
flipped_image_100.png,0.58482945,0.0,0.0,0.0,0.0,0.0,0.0,0.0,0.0,0.0,0.0,0.0,0.0,0.0,0.0,0.0,0.0,0.0,0.0,0.0,0.0,0.0,0.0,0.0,0.0,0.0,0.0,0.0,0.0,0.0,0.0,0.0,85.2644,147.7111,73.22784,135.59662,117.542656,92.87779,25.32164,125.418884,122.386246,94.767235,108.7339,134.76997
flipped_image_020.png,0.34112597,0.0,0.0,0.0,0.0,0.0,0.0,0.0,0.0,0.0,0.0,0.0,0.0,0.0,0.0,0.0,0.0,0.0,0.0,0.0,0.0,0.0,0.0,0.0,0.0,0.0,0.0,0.0,0.0,0.0,0.0,0.0,83.601585,156.51749,65.30849,128.76585,137.50403,71.27427,26.087416,127.3386,124.43625,175.50423,120.63225,133.01964
image_134.png,0.25257117,1.3280178308486938,0.0,0.0,0.0,0.0,0.0,0.0,0.0,0.0,0.0,0.0,0.0,0.0,0.0,0.0,0.0,0.0,0.0,0.0,0.0,0.0,0.0,0.0,0.0,0.0,0.0,0.0,0.0,0.0,0.0,0.0,115.41772,140.90318,81.55239,37.465637,134.30385,109.56033,194.69814,109.83598,119.26159,155.85204,106.082344,145.76297
flipped_image_021.png,0.38774687,0.8981369733810425,0.0,0.0,0.0,0.0,0.0,0.0,0.0,0.0,0.0,0.0,0.0,0.0,0.0,0.0,0.0,0.0,0.0,0.0,0.0,0.0,0.0,0.0,0.0,0.0,0.0,0.0,0.0,0.0,0.0,0.0,108.72065,150.2171,64.305305,148.09946,127.253456,83.7863,28.645992,126.48258,123.57557,177.99573,123.703125,148.96214
image_035.png,0.44887516,2.5029184818267822,0.12867884,0.024866303,0.021763813,0.51759,0.0,0.0,0.0,0.0,0.0,0.0,0.0,0.0,0.0,0.0,0.0,0.0,0.0,0.0,0.0,0.0,0.0,0.0,0.0,0.0,0.0,0.0,0.0,0.0,0.0,0.0,37.441574,123.00058,136.1395,144.38536,119.34935,136.40356,109.76509,121.502396,141.81894,84.79201,122.25286,143.19757
flipped_image_011.png,0.55872923,0.6931471824645996,0.0,0.0,0.0,0.0,0.0,0.0,0.0,0.0,0.0,0.0,0.0,0.0,0.0,0.0,0.0,0.0,0.0,0.0,0.0,0.0,0.0,0.0,0.0,0.0,0.0,0.0,0.0,0.0,0.0,0.0,80.19317,164.50046,58.21968,109.13744,150.20651,63.13215,16.867168,126.03875,123.04545,110.358795,127.35072,156.04535
flipped_image_078.png,0.4851767,1.3522093296051025,0.0,0.0,0.0,0.0,0.0,0.0,0.0,0.0,0.0,0.0,0.0,0.0,0.0,0.0,0.0,0.0,0.0,0.0,0.0,0.0,0.0,0.0,0.0,0.0,0.0,0.0,0.0,0.0,0.0,0.0,78.01794,153.2134,69.853195,37.036133,126.749504,129.7177,115.517456,113.70323,116.82703,96.77623,101.77116,155.63304
flipped_image_095.png,0.47516203,0.9502705335617065,0.0,0.0,0.0,0.0,0.0,0.0,0.0,0.0,0.0,0.0,0.0,0.0,0.0,0.0,0.0,0.0,0.0,0.0,0.0,0.0,0.0,0.0,0.0,0.0,0.0,0.0,0.0,0.0,0.0,0.0,103.61965,138.38025,77.78908,31.80355,124.806625,125.73683,138.65384,111.15984,118.99001,106.454666,111.785164,150.54286
image_013.png,0.36096048,0.8192299604415894,0.0,0.0,0.0,0.0,0.0,0.0,0.0,0.0,0.0,0.0,0.0,0.0,0.0,0.0,0.0,0.0,0.0,0.0,0.0,0.0,0.0,0.0,0.0,0.0,0.0,0.0,0.0,0.0,0.0,0.0,85.22716,159.44078,62.192783,131.24504,133.26013,77.25584,24.91602,126.50123,122.70528,172.63509,120.43825,129.62425
flipped_image_044.png,0.6849499,0.0,0.0,0.0,0.0,0.0,0.0,0.0,0.0,0.0,0.0,0.0,0.0,0.0,0.0,0.0,0.0,0.0,0.0,0.0,0.0,0.0,0.0,0.0,0.0,0.0,0.0,0.0,0.0,0.0,0.0,0.0,55.775322,153.62172,76.87714,13.52644,124.95467,129.61528,52.965744,112.48539,140.79588,116.366356,103.07419,131.67905
flipped_image_068.png,0.5501432,0.0,0.09895818,0.070821546,0.011902792,0.5005356,0.0,0.0,0.0,0.0,0.0,0.0,0.0,0.0,0.0,0.0,0.0,0.0,0.0,0.0,0.0,0.0,0.0,0.0,0.0,0.0,0.0,0.0,0.0,0.0,0.0,0.0,53.393887,153.71852,85.028885,126.65318,129.43431,81.806496,92.020996,117.1701,119.73245,20.53913,124.40197,129.17787
image_064.png,0.5592985,0.0,0.0,0.0,0.0,0.0,0.0,0.0,0.0,0.0,0.0,0.0,0.0,0.0,0.0,0.0,0.0,0.0,0.0,0.0,0.0,0.0,0.0,0.0,0.0,0.0,0.0,0.0,0.0,0.0,0.0,0.0,65.817604,152.08636,77.062035,116.46372,116.37975,106.16448,23.1776,125.40652,128.90646,90.39362,112.08342,127.35571
flipped_image_134.png,0.252952,1.3198696374893188,0.0,0.0,0.0,0.0,0.0,0.0,0.0,0.0,0.0,0.0,0.0,0.0,0.0,0.0,0.0,0.0,0.0,0.0,0.0,0.0,0.0,0.0,0.0,0.0,0.0,0.0,0.0,0.0,0.0,0.0,115.404465,140.89792,81.56465,37.45413,134.29906,109.57023,194.73375,109.82702,119.19052,156.11047,106.14748,145.74266
flipped_image_117.png,0.42231432,2.737637519836426,0.0,0.0,0.0,0.0,0.0,0.0,0.0,0.0,0.0,0.0,0.0,0.0,0.0,0.0,0.0,0.0,0.0,0.0,0.0,0.0,0.0,0.0,0.0,0.0,0.0,0.0,0.0,0.0,0.0,0.0,111.515076,142.11598,73.62178,170.74185,113.472916,102.374855,38.61775,129.25325,122.18596,139.03378,127.14881,157.61378
flipped_image_002.png,0.45699644,-9.99999993922529e-09,0.102016285,0.041935038,0.97304255,0.49185368,0.0,0.0,0.0,0.0,0.0,0.0,0.0,0.0,0.0,0.0,0.0,0.0,0.0,0.0,0.0,0.0,0.0,0.0,0.0,0.0,0.0,0.0,0.0,0.0,0.0,0.0,100.98456,151.25366,74.650826,139.94725,123.91124,91.713036,33.78554,122.376526,131.4849,113.37574,105.51065,161.07964
flipped_image_105.png,0.57980746,0.0,0.0,0.0,0.0,0.0,0.0,0.0,0.0,0.0,0.0,0.0,0.0,0.0,0.0,0.0,0.0,0.0,0.0,0.0,0.0,0.0,0.0,0.0,0.0,0.0,0.0,0.0,0.0,0.0,0.0,0.0,144.21124,125.12357,87.253006,19.21374,124.50656,126.892075,72.914764,118.893875,133.08018,130.13535,84.41576,160.20183
image_127.png,0.61846125,0.0,0.10869952,0.051536072,0.01659771,0.5222724,0.0,0.0,0.0,0.0,0.0,0.0,0.0,0.0,0.0,0.0,0.0,0.0,0.0,0.0,0.0,0.0,0.0,0.0,0.0,0.0,0.0,0.0,0.0,0.0,0.0,0.0,70.74418,152.60667,71.67064,102.426155,127.60477,88.60338,73.526306,120.80324,130.04756,34.897766,116.12802,136.94392
image_044.png,0.6852076,-9.99999993922529e-09,0.0,0.0,0.0,0.0,0.0,0.0,0.0,0.0,0.0,0.0,0.0,0.0,0.0,0.0,0.0,0.0,0.0,0.0,0.0,0.0,0.0,0.0,0.0,0.0,0.0,0.0,0.0,0.0,0.0,0.0,55.775322,153.62172,76.87714,13.52644,124.95467,129.61528,52.965744,112.48539,140.79588,116.366356,103.07419,131.67905
image_072.png,0.44626972,1.5316410064697266,0.10449613,0.1307902,0.9779041,0.5278901,0.0,0.0,0.0,0.0,0.0,0.0,0.0,0.0,0.0,0.0,0.0,0.0,0.0,0.0,0.0,0.0,0.0,0.0,0.0,0.0,0.0,0.0,0.0,0.0,0.0,0.0,163.47806,126.615105,96.87024,20.390997,127.96614,127.04887,82.99117,121.97687,160.223,132.55212,110.80399,147.4497
flipped_image_120.png,0.5602106,1.650160789489746,0.0,0.0,0.0,0.0,0.0,0.0,0.0,0.0,0.0,0.0,0.0,0.0,0.0,0.0,0.0,0.0,0.0,0.0,0.0,0.0,0.0,0.0,0.0,0.0,0.0,0.0,0.0,0.0,0.0,0.0,83.14355,145.21611,76.2275,132.18451,118.913765,92.350395,21.68572,126.493965,131.32524,92.23868,109.1429,145.36617
flipped_image_025.png,0.42173,-9.99999993922529e-09,0.0,0.0,0.0,0.0,0.0,0.0,0.0,0.0,0.0,0.0,0.0,0.0,0.0,0.0,0.0,0.0,0.0,0.0,0.0,0.0,0.0,0.0,0.0,0.0,0.0,0.0,0.0,0.0,0.0,0.0,101.14707,144.57591,71.139366,130.52606,128.97287,79.67297,54.568798,124.247154,112.20678,173.75655,119.146935,127.60629
image_147.png,0.47914046,0.0,0.0,0.0,0.0,0.0,0.0,0.0,0.0,0.0,0.0,0.0,0.0,0.0,0.0,0.0,0.0,0.0,0.0,0.0,0.0,0.0,0.0,0.0,0.0,0.0,0.0,0.0,0.0,0.0,0.0,0.0,118.304085,127.05544,85.59391,55.27958,121.68093,113.526085,159.93518,119.38474,137.09264,104.39188,123.794,160.98616
flipped_image_074.png,0.5199243,0.0,0.0,0.0,0.0,0.0,0.0,0.0,0.0,0.0,0.0,0.0,0.0,0.0,0.0,0.0,0.0,0.0,0.0,0.0,0.0,0.0,0.0,0.0,0.0,0.0,0.0,0.0,0.0,0.0,0.0,0.0,113.08799,136.1391,81.25767,171.07698,108.49861,99.44859,21.370176,126.08529,125.54351,144.36447,106.82355,128.38635
flipped_image_050.png,0.6285652,1.6855344772338867,0.0,0.0,0.0,0.0,0.0,0.0,0.0,0.0,0.0,0.0,0.0,0.0,0.0,0.0,0.0,0.0,0.0,0.0,0.0,0.0,0.0,0.0,0.0,0.0,0.0,0.0,0.0,0.0,0.0,0.0,54.537952,136.90175,92.49373,109.53538,129.22102,89.353004,60.1749,125.26494,126.46307,22.270643,123.203354,128.52432
flipped_image_102.png,0.4088046,0.6931471824645996,0.0,0.0,0.0,0.0,0.0,0.0,0.0,0.0,0.0,0.0,0.0,0.0,0.0,0.0,0.0,0.0,0.0,0.0,0.0,0.0,0.0,0.0,0.0,0.0,0.0,0.0,0.0,0.0,0.0,0.0,103.430046,157.35039,150.34177,9.772942,128.18604,126.01985,210.70256,123.53722,132.07585,159.60188,113.63641,124.62046
flipped_image_090.png,0.46154484,0.0,0.0,0.0,0.0,0.0,0.0,0.0,0.0,0.0,0.0,0.0,0.0,0.0,0.0,0.0,0.0,0.0,0.0,0.0,0.0,0.0,0.0,0.0,0.0,0.0,0.0,0.0,0.0,0.0,0.0,0.0,118.88341,129.15543,83.28056,145.78288,110.42698,110.97569,31.885073,121.29251,123.45516,91.579865,105.844666,145.5128
flipped_image_032.png,0.47901842,2.3828928470611572,0.11756972,0.029975906,0.99371415,0.42204198,0.0,0.0,0.0,0.0,0.0,0.0,0.0,0.0,0.0,0.0,0.0,0.0,0.0,0.0,0.0,0.0,0.0,0.0,0.0,0.0,0.0,0.0,0.0,0.0,0.0,0.0,27.28751,125.3106,135.42998,152.72293,120.53037,139.13722,86.42034,123.881,146.0057,113.61421,123.0242,145.135
image_087.png,0.42805597,1.7650065422058105,0.0,0.0,0.0,0.0,0.0,0.0,0.0,0.0,0.0,0.0,0.0,0.0,0.0,0.0,0.0,0.0,0.0,0.0,0.0,0.0,0.0,0.0,0.0,0.0,0.0,0.0,0.0,0.0,0.0,0.0,91.87654,136.78552,94.294426,144.69188,119.57721,105.9505,37.8444,127.26475,130.37344,124.04076,115.910934,155.25925
image_096.png,0.48159575,1.4941750764846802,0.0,0.0,0.0,0.0,0.0,0.0,0.0,0.0,0.0,0.0,0.0,0.0,0.0,0.0,0.0,0.0,0.0,0.0,0.0,0.0,0.0,0.0,0.0,0.0,0.0,0.0,0.0,0.0,0.0,0.0,72.16233,158.1343,67.87403,138.16634,115.50401,106.784355,25.66585,127.14691,122.657364,111.73618,109.98282,142.44588
image_100.png,0.5845426,0.0,0.0,0.0,0.0,0.0,0.0,0.0,0.0,0.0,0.0,0.0,0.0,0.0,0.0,0.0,0.0,0.0,0.0,0.0,0.0,0.0,0.0,0.0,0.0,0.0,0.0,0.0,0.0,0.0,0.0,0.0,85.27353,147.70699,73.22924,135.62935,117.535614,92.87668,25.323744,125.4198,122.38401,94.7696,108.73564,134.76384
flipped_image_143.png,0.49061728,0.0,0.0,0.0,0.0,0.0,0.0,0.0,0.0,0.0,0.0,0.0,0.0,0.0,0.0,0.0,0.0,0.0,0.0,0.0,0.0,0.0,0.0,0.0,0.0,0.0,0.0,0.0,0.0,0.0,0.0,0.0,93.02764,143.08253,75.375984,158.09592,117.94791,94.39405,34.663486,123.67271,120.353806,143.98692,122.97102,149.8654
flipped_image_066.png,0.47767085,1.719386100769043,0.0,0.0,0.0,0.0,0.0,0.0,0.0,0.0,0.0,0.0,0.0,0.0,0.0,0.0,0.0,0.0,0.0,0.0,0.0,0.0,0.0,0.0,0.0,0.0,0.0,0.0,0.0,0.0,0.0,0.0,118.436356,128.94344,83.27781,30.731262,129.87042,127.12871,117.655785,114.5461,122.582985,83.50189,119.35266,154.40219
flipped_image_005.png,0.3340404,2.159621238708496,0.12664604,0.0086551225,0.01072092,0.46476158,0.0,0.0,0.0,0.0,0.0,0.0,0.0,0.0,0.0,0.0,0.0,0.0,0.0,0.0,0.0,0.0,0.0,0.0,0.0,0.0,0.0,0.0,0.0,0.0,0.0,0.0,75.37989,169.57736,58.06181,208.69054,128.99234,134.2092,54.065887,124.212875,129.40144,151.13234,125.076614,160.43231
image_099.png,0.57949674,0.0,0.0,0.0,0.0,0.0,0.0,0.0,0.0,0.0,0.0,0.0,0.0,0.0,0.0,0.0,0.0,0.0,0.0,0.0,0.0,0.0,0.0,0.0,0.0,0.0,0.0,0.0,0.0,0.0,0.0,0.0,84.46014,155.65266,65.63941,159.35002,113.23146,94.7446,20.183125,126.49301,125.96297,103.190475,119.76486,155.10396
flipped_image_129.png,0.58037317,0.0,0.10506806,0.030845255,0.015049092,0.48118928,0.0,0.0,0.0,0.0,0.0,0.0,0.0,0.0,0.0,0.0,0.0,0.0,0.0,0.0,0.0,0.0,0.0,0.0,0.0,0.0,0.0,0.0,0.0,0.0,0.0,0.0,79.52582,155.15889,68.21119,143.19965,115.897766,102.28877,20.544168,126.16719,128.9227,99.61105,120.89277,154.68303
flipped_image_052.png,0.61104333,0.0,0.11330446,0.0095644435,0.9544072,0.5651738,0.0,0.0,0.0,0.0,0.0,0.0,0.0,0.0,0.0,0.0,0.0,0.0,0.0,0.0,0.0,0.0,0.0,0.0,0.0,0.0,0.0,0.0,0.0,0.0,0.0,0.0,103.98038,127.300674,89.0639,53.1264,134.40065,95.075645,65.94811,127.72256,117.84649,32.632854,119.51339,128.98337
image_077.png,0.4822761,0.0,0.11140378,0.09833591,0.0038929516,0.46483412,0.0,0.0,0.0,0.0,0.0,0.0,0.0,0.0,0.0,0.0,0.0,0.0,0.0,0.0,0.0,0.0,0.0,0.0,0.0,0.0,0.0,0.0,0.0,0.0,0.0,0.0,103.59156,144.98883,71.25347,31.944048,127.66871,127.48936,113.90531,115.2208,120.49434,105.77823,107.35477,155.25882
flipped_image_058.png,0.5076523,-9.99999993922529e-09,0.0,0.0,0.0,0.0,0.0,0.0,0.0,0.0,0.0,0.0,0.0,0.0,0.0,0.0,0.0,0.0,0.0,0.0,0.0,0.0,0.0,0.0,0.0,0.0,0.0,0.0,0.0,0.0,0.0,0.0,73.24831,150.25871,74.375465,93.96184,120.61273,108.07754,168.51465,116.91179,105.51156,27.087225,123.80862,125.54381
image_043.png,0.54676056,1.4509416818618774,0.0,0.0,0.0,0.0,0.0,0.0,0.0,0.0,0.0,0.0,0.0,0.0,0.0,0.0,0.0,0.0,0.0,0.0,0.0,0.0,0.0,0.0,0.0,0.0,0.0,0.0,0.0,0.0,0.0,0.0,89.246666,131.72736,88.97267,126.16478,113.21821,106.39279,30.49496,130.78484,135.98225,90.998535,126.7559,151.42177
flipped_image_112.png,0.50194407,1.7038195133209229,0.0,0.0,0.0,0.0,0.0,0.0,0.0,0.0,0.0,0.0,0.0,0.0,0.0,0.0,0.0,0.0,0.0,0.0,0.0,0.0,0.0,0.0,0.0,0.0,0.0,0.0,0.0,0.0,0.0,0.0,132.89746,123.13086,107.74756,54.99381,124.90731,114.05303,183.54758,119.07447,113.67267,12.9570265,126.88401,124.0438
flipped_image_108.png,0.51286346,-9.99999993922529e-09,0.0,0.0,0.0,0.0,0.0,0.0,0.0,0.0,0.0,0.0,0.0,0.0,0.0,0.0,0.0,0.0,0.0,0.0,0.0,0.0,0.0,0.0,0.0,0.0,0.0,0.0,0.0,0.0,0.0,0.0,137.23753,114.10552,96.036575,57.326416,142.91261,120.30397,44.64563,117.25835,125.473175,105.87425,101.12316,133.8212
flipped_image_023.png,0.39563358,1.6651902198791504,0.0,0.0,0.0,0.0,0.0,0.0,0.0,0.0,0.0,0.0,0.0,0.0,0.0,0.0,0.0,0.0,0.0,0.0,0.0,0.0,0.0,0.0,0.0,0.0,0.0,0.0,0.0,0.0,0.0,0.0,110.481544,142.48277,71.23722,141.11447,125.45116,82.03471,44.25587,123.11309,126.19169,163.67563,122.05239,143.71664
image_059.png,0.47870135,0.5623351335525513,0.0,0.0,0.0,0.0,0.0,0.0,0.0,0.0,0.0,0.0,0.0,0.0,0.0,0.0,0.0,0.0,0.0,0.0,0.0,0.0,0.0,0.0,0.0,0.0,0.0,0.0,0.0,0.0,0.0,0.0,77.205574,151.9793,71.031715,166.29907,116.759384,109.54648,103.00416,116.06089,116.77191,21.086452,124.32403,126.07801
flipped_image_001.png,0.24902903,0.6931471824645996,0.0,0.0,0.0,0.0,0.0,0.0,0.0,0.0,0.0,0.0,0.0,0.0,0.0,0.0,0.0,0.0,0.0,0.0,0.0,0.0,0.0,0.0,0.0,0.0,0.0,0.0,0.0,0.0,0.0,0.0,169.66501,117.0743,95.67359,129.09059,143.98485,132.98924,56.054382,131.9673,133.24637,190.08363,126.469696,130.49394
flipped_image_142.png,0.476204,0.0,0.0,0.0,0.0,0.0,0.0,0.0,0.0,0.0,0.0,0.0,0.0,0.0,0.0,0.0,0.0,0.0,0.0,0.0,0.0,0.0,0.0,0.0,0.0,0.0,0.0,0.0,0.0,0.0,0.0,0.0,92.524086,143.79085,74.58041,136.96921,125.45356,82.75922,39.34271,122.865456,119.99927,170.17302,124.828766,145.11507
image_083.png,0.29944494,2.582728624343872,0.0,0.0,0.0,0.0,0.0,0.0,0.0,0.0,0.0,0.0,0.0,0.0,0.0,0.0,0.0,0.0,0.0,0.0,0.0,0.0,0.0,0.0,0.0,0.0,0.0,0.0,0.0,0.0,0.0,0.0,189.04533,121.130325,118.92802,157.41635,120.78742,119.1226,99.23404,121.92188,121.74879,27.936121,125.287636,125.16617
image_144.png,0.4492965,0.0,0.0,0.0,0.0,0.0,0.0,0.0,0.0,0.0,0.0,0.0,0.0,0.0,0.0,0.0,0.0,0.0,0.0,0.0,0.0,0.0,0.0,0.0,0.0,0.0,0.0,0.0,0.0,0.0,0.0,0.0,103.5211,134.09212,81.943634,145.71149,118.12235,89.5749,36.07107,123.78281,119.63499,172.54295,118.203156,130.86707
flipped_image_038.png,0.49310946,2.1305017471313477,0.11504736,0.089895606,0.0149254305,0.48905328,0.0,0.0,0.0,0.0,0.0,0.0,0.0,0.0,0.0,0.0,0.0,0.0,0.0,0.0,0.0,0.0,0.0,0.0,0.0,0.0,0.0,0.0,0.0,0.0,0.0,0.0,118.16135,130.46349,81.30098,41.448845,126.59179,127.572525,165.54082,115.72916,123.75137,97.05776,107.70263,143.9407
image_074.png,0.51999295,0.0,0.0,0.0,0.0,0.0,0.0,0.0,0.0,0.0,0.0,0.0,0.0,0.0,0.0,0.0,0.0,0.0,0.0,0.0,0.0,0.0,0.0,0.0,0.0,0.0,0.0,0.0,0.0,0.0,0.0,0.0,113.07496,136.1672,81.20857,171.05336,108.499306,99.485214,21.372335,126.08518,125.54368,144.31781,106.83799,128.37595
flipped_image_045.png,0.70479584,0.6365141272544861,0.0,0.0,0.0,0.0,0.0,0.0,0.0,0.0,0.0,0.0,0.0,0.0,0.0,0.0,0.0,0.0,0.0,0.0,0.0,0.0,0.0,0.0,0.0,0.0,0.0,0.0,0.0,0.0,0.0,0.0,63.585903,179.34479,50.44318,39.111122,161.43033,74.27939,20.678165,121.49944,131.00931,72.251076,100.73243,154.18498
image_097.png,0.5582757,0.0,0.0,0.0,0.0,0.0,0.0,0.0,0.0,0.0,0.0,0.0,0.0,0.0,0.0,0.0,0.0,0.0,0.0,0.0,0.0,0.0,0.0,0.0,0.0,0.0,0.0,0.0,0.0,0.0,0.0,0.0,102.38428,136.17056,79.72285,146.44557,109.22629,100.82205,22.546246,122.73183,131.11723,100.44626,110.33041,146.55338
flipped_image_062.png,0.56139237,-9.99999993922529e-09,0.0,0.0,0.0,0.0,0.0,0.0,0.0,0.0,0.0,0.0,0.0,0.0,0.0,0.0,0.0,0.0,0.0,0.0,0.0,0.0,0.0,0.0,0.0,0.0,0.0,0.0,0.0,0.0,0.0,0.0,80.540565,129.06557,95.188736,137.92502,117.19023,107.01867,35.000324,122.761894,120.98164,81.81523,109.828415,127.03976
image_061.png,0.5264746,0.0,0.0,0.0,0.0,0.0,0.0,0.0,0.0,0.0,0.0,0.0,0.0,0.0,0.0,0.0,0.0,0.0,0.0,0.0,0.0,0.0,0.0,0.0,0.0,0.0,0.0,0.0,0.0,0.0,0.0,0.0,89.672104,161.63896,57.766727,124.14347,119.1877,108.177,24.342617,126.57298,125.12951,89.89491,93.8517,160.01381
flipped_image_051.png,0.5990151,-9.99999993922529e-09,0.0,0.0,0.0,0.0,0.0,0.0,0.0,0.0,0.0,0.0,0.0,0.0,0.0,0.0,0.0,0.0,0.0,0.0,0.0,0.0,0.0,0.0,0.0,0.0,0.0,0.0,0.0,0.0,0.0,0.0,54.58296,135.56506,93.26673,101.22265,128.59116,88.7718,64.73052,126.203415,117.27565,31.16742,120.23208,125.21569
flipped_image_119.png,0.5634439,2.229003429412842,0.0,0.0,0.0,0.0,0.0,0.0,0.0,0.0,0.0,0.0,0.0,0.0,0.0,0.0,0.0,0.0,0.0,0.0,0.0,0.0,0.0,0.0,0.0,0.0,0.0,0.0,0.0,0.0,0.0,0.0,74.843445,154.11876,70.288475,137.97629,117.964005,94.642784,18.563189,126.99869,130.53352,91.67724,113.71586,153.86995
flipped_image_061.png,0.52670485,0.0,0.0,0.0,0.0,0.0,0.0,0.0,0.0,0.0,0.0,0.0,0.0,0.0,0.0,0.0,0.0,0.0,0.0,0.0,0.0,0.0,0.0,0.0,0.0,0.0,0.0,0.0,0.0,0.0,0.0,0.0,89.672104,161.63896,57.766727,124.14347,119.1877,108.177,24.342617,126.57298,125.12951,89.89491,93.8517,160.01381
flipped_image_041.png,0.55746853,0.0,0.12440766,0.1584694,0.9955787,0.53936756,0.0,0.0,0.0,0.0,0.0,0.0,0.0,0.0,0.0,0.0,0.0,0.0,0.0,0.0,0.0,0.0,0.0,0.0,0.0,0.0,0.0,0.0,0.0,0.0,0.0,0.0,49.026028,160.5787,72.19496,110.18557,135.47789,80.967766,67.292755,145.1209,130.77684,14.249674,127.244995,126.77184
image_150.png,0.57207,0.0,0.0,0.0,0.0,0.0,0.0,0.0,0.0,0.0,0.0,0.0,0.0,0.0,0.0,0.0,0.0,0.0,0.0,0.0,0.0,0.0,0.0,0.0,0.0,0.0,0.0,0.0,0.0,0.0,0.0,0.0,113.90296,128.10344,85.427086,38.074413,121.01307,129.75696,158.58685,123.84004,151.687,106.76888,128.5957,170.74165
flipped_image_121.png,0.6064897,1.1939375400543213,0.0,0.0,0.0,0.0,0.0,0.0,0.0,0.0,0.0,0.0,0.0,0.0,0.0,0.0,0.0,0.0,0.0,0.0,0.0,0.0,0.0,0.0,0.0,0.0,0.0,0.0,0.0,0.0,0.0,0.0,67.75786,160.0446,65.89709,129.45851,118.63001,97.46068,16.860462,129.19115,124.44413,83.877914,140.3964,165.40463
image_037.png,0.39570642,1.4378700256347656,0.12546209,0.050013345,0.0068432502,0.519587,0.0,0.0,0.0,0.0,0.0,0.0,0.0,0.0,0.0,0.0,0.0,0.0,0.0,0.0,0.0,0.0,0.0,0.0,0.0,0.0,0.0,0.0,0.0,0.0,0.0,0.0,125.89778,126.84431,85.4311,61.468517,128.48799,126.102516,163.04312,121.11933,125.961586,126.871376,124.46102,140.09828
image_014.png,0.37743413,0.0,0.0,0.0,0.0,0.0,0.0,0.0,0.0,0.0,0.0,0.0,0.0,0.0,0.0,0.0,0.0,0.0,0.0,0.0,0.0,0.0,0.0,0.0,0.0,0.0,0.0,0.0,0.0,0.0,0.0,0.0,119.22584,137.41602,73.70225,40.108524,125.28768,115.51258,180.68196,118.369225,121.66383,161.9183,124.11265,139.52113
image_101.png,0.54151106,0.0,0.0,0.0,0.0,0.0,0.0,0.0,0.0,0.0,0.0,0.0,0.0,0.0,0.0,0.0,0.0,0.0,0.0,0.0,0.0,0.0,0.0,0.0,0.0,0.0,0.0,0.0,0.0,0.0,0.0,0.0,73.31016,164.38475,60.04048,137.78163,119.76744,88.78965,95.33354,116.71966,112.55184,36.714405,118.31718,135.81982
image_036.png,0.60759354,0.0,0.0,0.0,0.0,0.0,0.0,0.0,0.0,0.0,0.0,0.0,0.0,0.0,0.0,0.0,0.0,0.0,0.0,0.0,0.0,0.0,0.0,0.0,0.0,0.0,0.0,0.0,0.0,0.0,0.0,0.0,46.89443,167.39594,66.73138,149.5159,124.956116,88.57917,26.146814,125.0687,130.19179,149.36438,132.86823,174.70023
flipped_image_048.png,0.6121386,0.721463680267334,0.0,0.0,0.0,0.0,0.0,0.0,0.0,0.0,0.0,0.0,0.0,0.0,0.0,0.0,0.0,0.0,0.0,0.0,0.0,0.0,0.0,0.0,0.0,0.0,0.0,0.0,0.0,0.0,0.0,0.0,60.833447,170.41452,59.2721,125.98208,118.810196,107.819336,22.64835,126.554955,121.63583,76.69259,107.20053,138.19345
flipped_image_009.png,0.39205885,1.4396297931671143,0.12005139,0.13821432,0.0065945284,0.41841415,0.0,0.0,0.0,0.0,0.0,0.0,0.0,0.0,0.0,0.0,0.0,0.0,0.0,0.0,0.0,0.0,0.0,0.0,0.0,0.0,0.0,0.0,0.0,0.0,0.0,0.0,72.89636,153.99913,71.418884,39.8158,126.01837,127.90487,148.52895,122.741425,134.37238,105.54213,128.9063,162.21016
image_063.png,0.43786785,-9.99999993922529e-09,0.10918036,0.093923815,0.021569243,0.48910293,0.0,0.0,0.0,0.0,0.0,0.0,0.0,0.0,0.0,0.0,0.0,0.0,0.0,0.0,0.0,0.0,0.0,0.0,0.0,0.0,0.0,0.0,0.0,0.0,0.0,0.0,79.2108,151.416,71.04977,27.743383,126.276955,129.42833,142.90822,111.49287,121.20029,99.68119,126.6525,155.42108
image_040.png,0.6151678,-9.99999993922529e-09,0.09076401,0.035775907,0.013904911,0.5016902,0.0,0.0,0.0,0.0,0.0,0.0,0.0,0.0,0.0,0.0,0.0,0.0,0.0,0.0,0.0,0.0,0.0,0.0,0.0,0.0,0.0,0.0,0.0,0.0,0.0,0.0,54.66881,180.15576,52.287434,131.86708,124.04914,87.39391,10.814322,126.250725,127.70903,69.1717,133.32352,136.06961
flipped_image_013.png,0.3615562,1.1617250442504883,0.0,0.0,0.0,0.0,0.0,0.0,0.0,0.0,0.0,0.0,0.0,0.0,0.0,0.0,0.0,0.0,0.0,0.0,0.0,0.0,0.0,0.0,0.0,0.0,0.0,0.0,0.0,0.0,0.0,0.0,85.34828,159.30217,62.294754,131.63832,133.1243,77.350235,24.903496,126.50145,122.71119,172.65004,120.44076,129.65944
image_046.png,0.70015705,0.0,0.0,0.0,0.0,0.0,0.0,0.0,0.0,0.0,0.0,0.0,0.0,0.0,0.0,0.0,0.0,0.0,0.0,0.0,0.0,0.0,0.0,0.0,0.0,0.0,0.0,0.0,0.0,0.0,0.0,0.0,52.408607,169.43024,62.75696,97.427704,148.28835,68.61644,13.313885,129.76753,120.554886,80.64547,98.5141,151.19453
flipped_image_106.png,0.48963138,1.0281838178634644,0.0,0.0,0.0,0.0,0.0,0.0,0.0,0.0,0.0,0.0,0.0,0.0,0.0,0.0,0.0,0.0,0.0,0.0,0.0,0.0,0.0,0.0,0.0,0.0,0.0,0.0,0.0,0.0,0.0,0.0,79.03425,137.66069,85.51672,137.12996,116.10273,94.54322,170.51079,109.8559,105.126755,42.192436,121.36857,125.38727
image_143.png,0.4898924,0.0,0.0,0.0,0.0,0.0,0.0,0.0,0.0,0.0,0.0,0.0,0.0,0.0,0.0,0.0,0.0,0.0,0.0,0.0,0.0,0.0,0.0,0.0,0.0,0.0,0.0,0.0,0.0,0.0,0.0,0.0,93.010185,143.08076,75.38259,158.08276,117.94882,94.39367,34.648766,123.66541,120.370346,143.99654,122.97179,149.87102
flipped_image_059.png,0.47861275,0.8675631880760193,0.0,0.0,0.0,0.0,0.0,0.0,0.0,0.0,0.0,0.0,0.0,0.0,0.0,0.0,0.0,0.0,0.0,0.0,0.0,0.0,0.0,0.0,0.0,0.0,0.0,0.0,0.0,0.0,0.0,0.0,77.205574,151.9793,71.031715,166.29907,116.759384,109.54648,103.00416,116.06089,116.77191,21.086452,124.32403,126.07801
flipped_image_096.png,0.48273787,0.9502705335617065,0.0,0.0,0.0,0.0,0.0,0.0,0.0,0.0,0.0,0.0,0.0,0.0,0.0,0.0,0.0,0.0,0.0,0.0,0.0,0.0,0.0,0.0,0.0,0.0,0.0,0.0,0.0,0.0,0.0,0.0,72.16754,158.12811,67.8809,138.17854,115.495476,106.80842,25.66585,127.14691,122.657364,111.72026,109.9847,142.44655
flipped_image_104.png,0.5035059,0.0,0.0,0.0,0.0,0.0,0.0,0.0,0.0,0.0,0.0,0.0,0.0,0.0,0.0,0.0,0.0,0.0,0.0,0.0,0.0,0.0,0.0,0.0,0.0,0.0,0.0,0.0,0.0,0.0,0.0,0.0,87.68654,159.58643,60.9758,35.73325,127.51815,124.83571,182.04308,102.80344,102.56951,143.38693,83.93333,161.31654
image_053.png,0.58422345,1.2334026098251343,0.0,0.0,0.0,0.0,0.0,0.0,0.0,0.0,0.0,0.0,0.0,0.0,0.0,0.0,0.0,0.0,0.0,0.0,0.0,0.0,0.0,0.0,0.0,0.0,0.0,0.0,0.0,0.0,0.0,0.0,57.417908,131.3608,100.23931,109.902794,126.041626,97.87408,80.66834,119.20722,123.16159,38.58799,120.6255,125.12075
image_058.png,0.5074712,-9.99999993922529e-09,0.0,0.0,0.0,0.0,0.0,0.0,0.0,0.0,0.0,0.0,0.0,0.0,0.0,0.0,0.0,0.0,0.0,0.0,0.0,0.0,0.0,0.0,0.0,0.0,0.0,0.0,0.0,0.0,0.0,0.0,73.28408,150.24524,74.37734,93.92061,120.5928,108.12524,168.47134,116.91324,105.506546,27.055555,123.81492,125.54204
flipped_image_136.png,0.5505111,1.399611473083496,0.10006293,0.1042759,0.027287265,0.4702905,0.0,0.0,0.0,0.0,0.0,0.0,0.0,0.0,0.0,0.0,0.0,0.0,0.0,0.0,0.0,0.0,0.0,0.0,0.0,0.0,0.0,0.0,0.0,0.0,0.0,0.0,155.1013,112.17178,92.35101,27.839321,122.15086,136.19603,90.72197,115.44745,161.9926,152.72179,103.702644,155.86217
flipped_image_039.png,0.5011648,-9.99999993922529e-09,0.12580629,0.11528455,0.9990575,0.5121836,0.0,0.0,0.0,0.0,0.0,0.0,0.0,0.0,0.0,0.0,0.0,0.0,0.0,0.0,0.0,0.0,0.0,0.0,0.0,0.0,0.0,0.0,0.0,0.0,0.0,0.0,69.452065,165.13194,60.958946,127.3547,118.70914,94.66897,76.92127,138.24937,135.98666,19.917982,126.46862,128.4233
flipped_image_085.png,0.4331638,1.9114892482757568,0.0,0.0,0.0,0.0,0.0,0.0,0.0,0.0,0.0,0.0,0.0,0.0,0.0,0.0,0.0,0.0,0.0,0.0,0.0,0.0,0.0,0.0,0.0,0.0,0.0,0.0,0.0,0.0,0.0,0.0,94.22384,143.32907,78.139,152.60165,116.99992,99.10096,39.04186,129.22743,120.375946,114.98987,125.53791,147.038
image_039.png,0.5017112,0.0,0.1168969,0.12634867,0.021103807,0.5043761,0.0,0.0,0.0,0.0,0.0,0.0,0.0,0.0,0.0,0.0,0.0,0.0,0.0,0.0,0.0,0.0,0.0,0.0,0.0,0.0,0.0,0.0,0.0,0.0,0.0,0.0,69.452065,165.13194,60.958946,127.3547,118.70914,94.66897,76.92127,138.24937,135.98666,19.917982,126.46862,128.4233
image_060.png,0.50319505,1.270681619644165,0.0,0.0,0.0,0.0,0.0,0.0,0.0,0.0,0.0,0.0,0.0,0.0,0.0,0.0,0.0,0.0,0.0,0.0,0.0,0.0,0.0,0.0,0.0,0.0,0.0,0.0,0.0,0.0,0.0,0.0,82.73857,152.14262,69.83962,172.36012,113.6256,111.50996,28.398857,125.476395,127.77692,106.86801,111.17793,124.95326
flipped_image_056.png,0.56221735,0.0,0.1075146,0.24050029,0.0043832744,0.54004925,0.0,0.0,0.0,0.0,0.0,0.0,0.0,0.0,0.0,0.0,0.0,0.0,0.0,0.0,0.0,0.0,0.0,0.0,0.0,0.0,0.0,0.0,0.0,0.0,0.0,0.0,79.311325,158.85428,131.78441,17.456442,127.070786,128.83405,200.67218,119.946686,125.60072,104.82593,96.93459,158.87038
image_128.png,0.6113484,-9.99999993922529e-09,0.105328485,0.045777757,0.008255187,0.50521463,0.0,0.0,0.0,0.0,0.0,0.0,0.0,0.0,0.0,0.0,0.0,0.0,0.0,0.0,0.0,0.0,0.0,0.0,0.0,0.0,0.0,0.0,0.0,0.0,0.0,0.0,72.30439,151.56438,72.22439,104.19658,125.83352,93.0705,75.07089,127.44032,129.69858,35.924076,116.51638,136.07228
image_028.png,0.4352564,1.2418229579925537,0.11207409,0.04314446,0.9636916,0.60073197,0.0,0.0,0.0,0.0,0.0,0.0,0.0,0.0,0.0,0.0,0.0,0.0,0.0,0.0,0.0,0.0,0.0,0.0,0.0,0.0,0.0,0.0,0.0,0.0,0.0,0.0,113.89754,138.34425,105.1744,183.14142,122.46359,117.51971,37.44921,126.195694,135.6695,134.18877,117.85756,156.20358
image_122.png,0.32484505,1.7503834962844849,0.0,0.0,0.0,0.0,0.0,0.0,0.0,0.0,0.0,0.0,0.0,0.0,0.0,0.0,0.0,0.0,0.0,0.0,0.0,0.0,0.0,0.0,0.0,0.0,0.0,0.0,0.0,0.0,0.0,0.0,26.422455,134.92113,118.42434,83.92065,139.12718,124.855095,195.63617,118.801674,120.42383,150.4849,120.222244,135.94322
flipped_image_147.png,0.4799706,0.0,0.0,0.0,0.0,0.0,0.0,0.0,0.0,0.0,0.0,0.0,0.0,0.0,0.0,0.0,0.0,0.0,0.0,0.0,0.0,0.0,0.0,0.0,0.0,0.0,0.0,0.0,0.0,0.0,0.0,0.0,118.304085,127.05544,85.59391,55.27801,121.68127,113.5258,159.93518,119.38474,137.09264,104.3908,123.79262,160.98103
image_126.png,0.5278148,-9.99999993922529e-09,0.0,0.0,0.0,0.0,0.0,0.0,0.0,0.0,0.0,0.0,0.0,0.0,0.0,0.0,0.0,0.0,0.0,0.0,0.0,0.0,0.0,0.0,0.0,0.0,0.0,0.0,0.0,0.0,0.0,0.0,76.05876,190.4643,37.101116,31.161608,129.72699,120.08744,175.93387,108.874275,101.37534,125.43361,96.16991,136.35416
flipped_image_036.png,0.608007,0.0,0.0,0.0,0.0,0.0,0.0,0.0,0.0,0.0,0.0,0.0,0.0,0.0,0.0,0.0,0.0,0.0,0.0,0.0,0.0,0.0,0.0,0.0,0.0,0.0,0.0,0.0,0.0,0.0,0.0,0.0,46.900455,167.39485,66.73141,149.5248,124.94971,88.58348,26.146814,125.0687,130.19179,149.36438,132.86823,174.70023
flipped_image_008.png,0.37532935,1.937766194343567,0.0784311,0.1398022,0.98439944,0.42832816,0.0,0.0,0.0,0.0,0.0,0.0,0.0,0.0,0.0,0.0,0.0,0.0,0.0,0.0,0.0,0.0,0.0,0.0,0.0,0.0,0.0,0.0,0.0,0.0,0.0,0.0,80.47071,149.25404,75.45939,44.879337,124.64925,128.96489,155.18555,121.05627,136.72339,115.31277,125.45854,158.88094
image_140.png,0.5810888,0.9502705335617065,0.13280235,0.032209232,0.012828003,0.5110515,0.0,0.0,0.0,0.0,0.0,0.0,0.0,0.0,0.0,0.0,0.0,0.0,0.0,0.0,0.0,0.0,0.0,0.0,0.0,0.0,0.0,0.0,0.0,0.0,0.0,0.0,142.46799,106.9542,102.90908,21.703285,123.18845,137.05931,69.19762,115.930244,160.08392,124.62068,105.18191,162.12881
image_023.png,0.39529386,1.7697844505310059,0.0,0.0,0.0,0.0,0.0,0.0,0.0,0.0,0.0,0.0,0.0,0.0,0.0,0.0,0.0,0.0,0.0,0.0,0.0,0.0,0.0,0.0,0.0,0.0,0.0,0.0,0.0,0.0,0.0,0.0,110.786995,142.30383,71.338486,141.40503,125.29984,82.15371,44.25587,123.11309,126.19169,163.67278,122.056946,143.73389
flipped_image_043.png,0.54587084,1.5881576538085938,0.0,0.0,0.0,0.0,0.0,0.0,0.0,0.0,0.0,0.0,0.0,0.0,0.0,0.0,0.0,0.0,0.0,0.0,0.0,0.0,0.0,0.0,0.0,0.0,0.0,0.0,0.0,0.0,0.0,0.0,89.253395,131.74846,88.936226,126.129585,113.2135,106.42813,30.480265,130.7814,135.97354,90.96032,126.772575,151.432
image_009.png,0.39184463,1.453715205192566,0.11305975,0.0602626,0.99613196,0.5548384,0.0,0.0,0.0,0.0,0.0,0.0,0.0,0.0,0.0,0.0,0.0,0.0,0.0,0.0,0.0,0.0,0.0,0.0,0.0,0.0,0.0,0.0,0.0,0.0,0.0,0.0,72.91242,154.01392,71.396645,39.826435,126.02404,127.88911,148.52104,122.74141,134.37749,105.5313,128.91034,162.2197
flipped_image_146.png,0.4628714,0.0,0.0,0.0,0.0,0.0,0.0,0.0,0.0,0.0,0.0,0.0,0.0,0.0,0.0,0.0,0.0,0.0,0.0,0.0,0.0,0.0,0.0,0.0,0.0,0.0,0.0,0.0,0.0,0.0,0.0,0.0,104.49368,137.55168,77.65695,156.04088,118.50996,96.51945,50.962234,122.34059,118.32418,141.55652,123.361336,155.53609
flipped_image_135.png,0.51104265,0.8675631880760193,0.09249993,0.056120016,0.009955839,0.48306754,0.0,0.0,0.0,0.0,0.0,0.0,0.0,0.0,0.0,0.0,0.0,0.0,0.0,0.0,0.0,0.0,0.0,0.0,0.0,0.0,0.0,0.0,0.0,0.0,0.0,0.0,156.58994,112.66047,91.34785,25.513699,125.18716,136.17632,84.2099,118.52047,162.3971,147.55124,103.808395,160.88327
flipped_image_111.png,0.43339726,1.8645992279052734,0.0,0.0,0.0,0.0,0.0,0.0,0.0,0.0,0.0,0.0,0.0,0.0,0.0,0.0,0.0,0.0,0.0,0.0,0.0,0.0,0.0,0.0,0.0,0.0,0.0,0.0,0.0,0.0,0.0,0.0,84.84603,128.80775,102.43451,141.98885,123.936035,104.01708,191.60991,125.960594,117.253174,13.533857,127.30601,122.46047
flipped_image_033.png,0.5003332,0.8239591717720032,0.12164157,0.036781963,0.99805194,0.50822717,0.0,0.0,0.0,0.0,0.0,0.0,0.0,0.0,0.0,0.0,0.0,0.0,0.0,0.0,0.0,0.0,0.0,0.0,0.0,0.0,0.0,0.0,0.0,0.0,0.0,0.0,33.684883,123.2532,137.9677,133.0347,120.46894,139.63821,99.658585,122.83221,145.26453,69.83616,122.515076,145.49901
image_031.png,0.45570472,1.4721639156341553,0.1082068,0.048841055,0.99643725,0.5234882,0.0,0.0,0.0,0.0,0.0,0.0,0.0,0.0,0.0,0.0,0.0,0.0,0.0,0.0,0.0,0.0,0.0,0.0,0.0,0.0,0.0,0.0,0.0,0.0,0.0,0.0,24.301151,125.43991,134.863,143.29402,120.69576,143.11308,70.551544,123.55286,146.50595,107.134125,123.85587,148.17514
flipped_image_037.png,0.3953434,1.4300005435943604,0.12810273,0.03435031,0.024951033,0.48612255,0.0,0.0,0.0,0.0,0.0,0.0,0.0,0.0,0.0,0.0,0.0,0.0,0.0,0.0,0.0,0.0,0.0,0.0,0.0,0.0,0.0,0.0,0.0,0.0,0.0,0.0,125.89669,126.846115,85.43298,61.505695,128.48976,126.10169,163.16904,121.1178,125.88971,127.091125,124.420296,140.10342
image_125.png,0.53311056,0.0,0.0,0.0,0.0,0.0,0.0,0.0,0.0,0.0,0.0,0.0,0.0,0.0,0.0,0.0,0.0,0.0,0.0,0.0,0.0,0.0,0.0,0.0,0.0,0.0,0.0,0.0,0.0,0.0,0.0,0.0,90.06619,144.05956,76.32322,123.445206,123.2499,88.66449,38.607903,124.03503,123.79419,84.943054,120.19906,151.17738
image_088.png,0.43878266,1.011404275894165,0.0,0.0,0.0,0.0,0.0,0.0,0.0,0.0,0.0,0.0,0.0,0.0,0.0,0.0,0.0,0.0,0.0,0.0,0.0,0.0,0.0,0.0,0.0,0.0,0.0,0.0,0.0,0.0,0.0,0.0,93.010254,145.64778,78.44314,157.01875,117.67887,101.28262,44.9221,128.22495,121.92099,108.28536,124.0794,147.23965
image_056.png,0.56205124,0.0,0.12316687,0.17530529,0.00025154874,0.47888815,0.0,0.0,0.0,0.0,0.0,0.0,0.0,0.0,0.0,0.0,0.0,0.0,0.0,0.0,0.0,0.0,0.0,0.0,0.0,0.0,0.0,0.0,0.0,0.0,0.0,0.0,79.31371,158.8538,131.78813,17.459913,127.072075,128.83194,200.67218,119.946686,125.60072,104.82784,96.93406,158.8707
flipped_image_067.png,0.6321605,0.0,0.0,0.0,0.0,0.0,0.0,0.0,0.0,0.0,0.0,0.0,0.0,0.0,0.0,0.0,0.0,0.0,0.0,0.0,0.0,0.0,0.0,0.0,0.0,0.0,0.0,0.0,0.0,0.0,0.0,0.0,49.116062,171.15158,61.78486,130.16164,120.83783,90.14048,17.18119,126.26446,128.91113,85.252014,117.531364,159.54724
image_045.png,0.70475966,-9.99999993922529e-09,0.0,0.0,0.0,0.0,0.0,0.0,0.0,0.0,0.0,0.0,0.0,0.0,0.0,0.0,0.0,0.0,0.0,0.0,0.0,0.0,0.0,0.0,0.0,0.0,0.0,0.0,0.0,0.0,0.0,0.0,63.75461,179.41177,50.331573,39.28275,161.6619,74.01239,20.64724,121.52956,130.97075,72.145584,100.760284,154.14812
flipped_image_132.png,0.5322548,0.0,0.13768807,0.06146369,0.02827486,0.46735212,0.0,0.0,0.0,0.0,0.0,0.0,0.0,0.0,0.0,0.0,0.0,0.0,0.0,0.0,0.0,0.0,0.0,0.0,0.0,0.0,0.0,0.0,0.0,0.0,0.0,0.0,72.65762,151.4929,72.827415,36.743103,122.48441,133.08372,116.08748,108.67305,143.31001,84.68501,113.68959,157.24457
flipped_image_030.png,0.53099114,-9.99999993922529e-09,0.1361193,0.03462111,0.016593907,0.47825763,0.0,0.0,0.0,0.0,0.0,0.0,0.0,0.0,0.0,0.0,0.0,0.0,0.0,0.0,0.0,0.0,0.0,0.0,0.0,0.0,0.0,0.0,0.0,0.0,0.0,0.0,60.208706,132.39882,135.45633,38.638504,128.01282,134.07492,109.12889,124.59864,145.25217,136.27078,118.71265,143.70044
image_131.png,0.5666947,1.0397207736968994,0.10540203,0.021885958,0.0013243183,0.5135732,0.0,0.0,0.0,0.0,0.0,0.0,0.0,0.0,0.0,0.0,0.0,0.0,0.0,0.0,0.0,0.0,0.0,0.0,0.0,0.0,0.0,0.0,0.0,0.0,0.0,0.0,77.29338,150.24554,72.41108,136.95064,110.62316,106.39726,37.088615,120.06199,137.53648,102.88682,106.76414,153.41832
image_141.png,0.579829,1.9935475587844849,0.12381988,0.04762189,0.02028619,0.51632386,0.0,0.0,0.0,0.0,0.0,0.0,0.0,0.0,0.0,0.0,0.0,0.0,0.0,0.0,0.0,0.0,0.0,0.0,0.0,0.0,0.0,0.0,0.0,0.0,0.0,0.0,149.16182,110.32534,97.209625,23.465902,122.39296,134.34966,81.46234,112.221924,160.24559,134.45723,104.112724,169.25395
image_026.png,0.45886147,0.0,0.0,0.0,0.0,0.0,0.0,0.0,0.0,0.0,0.0,0.0,0.0,0.0,0.0,0.0,0.0,0.0,0.0,0.0,0.0,0.0,0.0,0.0,0.0,0.0,0.0,0.0,0.0,0.0,0.0,0.0,105.164345,143.37337,71.89792,130.12296,128.73055,80.31437,51.905067,123.125435,113.81054,165.69267,119.73603,131.53911
image_010.png,0.48927522,0.796311616897583,0.0,0.0,0.0,0.0,0.0,0.0,0.0,0.0,0.0,0.0,0.0,0.0,0.0,0.0,0.0,0.0,0.0,0.0,0.0,0.0,0.0,0.0,0.0,0.0,0.0,0.0,0.0,0.0,0.0,0.0,90.92817,155.88281,63.09456,125.11279,142.76254,68.654434,19.652792,126.76187,121.937195,118.35204,127.56428,161.27132
image_051.png,0.59897894,-9.99999993922529e-09,0.0,0.0,0.0,0.0,0.0,0.0,0.0,0.0,0.0,0.0,0.0,0.0,0.0,0.0,0.0,0.0,0.0,0.0,0.0,0.0,0.0,0.0,0.0,0.0,0.0,0.0,0.0,0.0,0.0,0.0,54.58246,135.56549,93.26646,101.22265,128.59116,88.7718,64.730675,126.20332,117.27445,31.16742,120.23208,125.21569
image_034.png,0.5169066,2.0267133712768555,0.0,0.0,0.0,0.0,0.0,0.0,0.0,0.0,0.0,0.0,0.0,0.0,0.0,0.0,0.0,0.0,0.0,0.0,0.0,0.0,0.0,0.0,0.0,0.0,0.0,0.0,0.0,0.0,0.0,0.0,32.4521,122.65116,136.4517,136.79283,118.587456,139.45456,75.42285,121.23525,144.13107,103.292076,120.88709,143.73016
flipped_image_082.png,0.28039366,2.313157320022583,0.0,0.0,0.0,0.0,0.0,0.0,0.0,0.0,0.0,0.0,0.0,0.0,0.0,0.0,0.0,0.0,0.0,0.0,0.0,0.0,0.0,0.0,0.0,0.0,0.0,0.0,0.0,0.0,0.0,0.0,83.62431,124.56501,118.68657,189.39706,121.07361,118.85771,153.37245,121.31054,119.52299,31.63032,126.227844,124.424164
flipped_image_018.png,0.33737433,0.0,0.0,0.0,0.0,0.0,0.0,0.0,0.0,0.0,0.0,0.0,0.0,0.0,0.0,0.0,0.0,0.0,0.0,0.0,0.0,0.0,0.0,0.0,0.0,0.0,0.0,0.0,0.0,0.0,0.0,0.0,101.28156,140.13843,75.55422,127.16647,129.17268,81.06493,46.59217,124.49988,117.613625,165.85123,120.829506,135.59929
flipped_image_053.png,0.585023,1.0825347900390625,0.0,0.0,0.0,0.0,0.0,0.0,0.0,0.0,0.0,0.0,0.0,0.0,0.0,0.0,0.0,0.0,0.0,0.0,0.0,0.0,0.0,0.0,0.0,0.0,0.0,0.0,0.0,0.0,0.0,0.0,57.354652,131.36038,100.19584,109.830795,126.03544,97.95387,80.509834,119.27127,123.12882,38.582,120.62048,125.135185
flipped_image_031.png,0.45648542,1.473695158958435,0.12578392,0.03971162,0.015974391,0.48274687,0.0,0.0,0.0,0.0,0.0,0.0,0.0,0.0,0.0,0.0,0.0,0.0,0.0,0.0,0.0,0.0,0.0,0.0,0.0,0.0,0.0,0.0,0.0,0.0,0.0,0.0,24.29782,125.43997,134.8613,143.28148,120.69734,143.1137,70.54287,123.552956,146.50676,107.12645,123.856224,148.17618
image_092.png,0.41927207,-9.99999993922529e-09,0.0,0.0,0.0,0.0,0.0,0.0,0.0,0.0,0.0,0.0,0.0,0.0,0.0,0.0,0.0,0.0,0.0,0.0,0.0,0.0,0.0,0.0,0.0,0.0,0.0,0.0,0.0,0.0,0.0,0.0,70.45342,146.84755,87.140335,154.3285,116.31522,108.66394,25.749847,123.311226,126.70229,112.431854,90.71573,165.99817
image_086.png,0.46932322,2.657630681991577,0.0,0.0,0.0,0.0,0.0,0.0,0.0,0.0,0.0,0.0,0.0,0.0,0.0,0.0,0.0,0.0,0.0,0.0,0.0,0.0,0.0,0.0,0.0,0.0,0.0,0.0,0.0,0.0,0.0,0.0,93.166214,136.44846,88.42583,142.29033,115.840744,107.10955,37.136314,126.19987,125.16172,108.626816,123.09204,148.31819
flipped_image_076.png,0.48827055,0.8675631880760193,0.0,0.0,0.0,0.0,0.0,0.0,0.0,0.0,0.0,0.0,0.0,0.0,0.0,0.0,0.0,0.0,0.0,0.0,0.0,0.0,0.0,0.0,0.0,0.0,0.0,0.0,0.0,0.0,0.0,0.0,75.92135,127.64878,100.64414,126.76115,119.34214,109.89561,38.736664,123.141594,124.755455,88.75761,114.04606,124.690384
flipped_image_014.png,0.37721452,0.0,0.0,0.0,0.0,0.0,0.0,0.0,0.0,0.0,0.0,0.0,0.0,0.0,0.0,0.0,0.0,0.0,0.0,0.0,0.0,0.0,0.0,0.0,0.0,0.0,0.0,0.0,0.0,0.0,0.0,0.0,119.22584,137.41602,73.70225,40.108524,125.28768,115.51258,180.69029,118.367424,121.656456,161.92296,124.110756,139.51636
flipped_image_022.png,0.41374183,1.4270609617233276,0.0,0.0,0.0,0.0,0.0,0.0,0.0,0.0,0.0,0.0,0.0,0.0,0.0,0.0,0.0,0.0,0.0,0.0,0.0,0.0,0.0,0.0,0.0,0.0,0.0,0.0,0.0,0.0,0.0,0.0,108.63915,147.75319,66.14019,145.54404,127.31388,79.70405,25.407995,126.15354,124.91795,172.37904,123.59322,143.47
image_108.png,0.51382416,0.6365141272544861,0.0,0.0,0.0,0.0,0.0,0.0,0.0,0.0,0.0,0.0,0.0,0.0,0.0,0.0,0.0,0.0,0.0,0.0,0.0,0.0,0.0,0.0,0.0,0.0,0.0,0.0,0.0,0.0,0.0,0.0,137.24771,114.104385,96.03617,57.345596,142.8801,120.30504,44.533493,117.27664,125.474525,105.7585,101.1653,133.77689
image_107.png,0.5219585,1.0397207736968994,0.0,0.0,0.0,0.0,0.0,0.0,0.0,0.0,0.0,0.0,0.0,0.0,0.0,0.0,0.0,0.0,0.0,0.0,0.0,0.0,0.0,0.0,0.0,0.0,0.0,0.0,0.0,0.0,0.0,0.0,57.48792,145.82147,82.53701,123.51346,118.695595,94.48868,160.6847,111.874435,102.66489,33.405396,122.260666,122.80697
image_080.png,0.38606155,2.7591540813446045,0.0,0.0,0.0,0.0,0.0,0.0,0.0,0.0,0.0,0.0,0.0,0.0,0.0,0.0,0.0,0.0,0.0,0.0,0.0,0.0,0.0,0.0,0.0,0.0,0.0,0.0,0.0,0.0,0.0,0.0,91.93579,121.36476,115.45732,123.14402,117.881386,115.65315,163.54025,116.49446,117.46101,41.24528,123.19451,126.34281
flipped_image_141.png,0.58008367,2.005549430847168,0.120593846,0.04834039,0.020730238,0.49314258,0.0,0.0,0.0,0.0,0.0,0.0,0.0,0.0,0.0,0.0,0.0,0.0,0.0,0.0,0.0,0.0,0.0,0.0,0.0,0.0,0.0,0.0,0.0,0.0,0.0,0.0,149.14732,110.3286,97.19603,23.603033,122.363815,134.41066,81.95769,112.16296,160.46362,134.88077,104.032875,169.21333
image_095.png,0.47516933,1.2424533367156982,0.0,0.0,0.0,0.0,0.0,0.0,0.0,0.0,0.0,0.0,0.0,0.0,0.0,0.0,0.0,0.0,0.0,0.0,0.0,0.0,0.0,0.0,0.0,0.0,0.0,0.0,0.0,0.0,0.0,0.0,102.00682,139.17072,77.39518,31.893656,124.7751,125.893906,139.0448,111.48529,117.53225,107.58122,111.6299,149.85924
image_030.png,0.5309662,0.0,0.13122171,0.05043031,0.01682171,0.5164714,0.0,0.0,0.0,0.0,0.0,0.0,0.0,0.0,0.0,0.0,0.0,0.0,0.0,0.0,0.0,0.0,0.0,0.0,0.0,0.0,0.0,0.0,0.0,0.0,0.0,0.0,60.181202,132.39629,135.45898,38.62686,128.01031,134.07133,109.11815,124.59914,145.24979,136.27078,118.71265,143.70044
image_025.png,0.4214009,-9.99999993922529e-09,0.0,0.0,0.0,0.0,0.0,0.0,0.0,0.0,0.0,0.0,0.0,0.0,0.0,0.0,0.0,0.0,0.0,0.0,0.0,0.0,0.0,0.0,0.0,0.0,0.0,0.0,0.0,0.0,0.0,0.0,101.23438,144.54863,71.144455,130.58543,128.93506,79.69892,54.575245,124.24945,112.200714,173.7585,119.146996,127.60685
image_003.png,0.55953205,0.0,0.1090734,0.037057154,0.9823848,0.5392058,0.0,0.0,0.0,0.0,0.0,0.0,0.0,0.0,0.0,0.0,0.0,0.0,0.0,0.0,0.0,0.0,0.0,0.0,0.0,0.0,0.0,0.0,0.0,0.0,0.0,0.0,96.652214,154.86421,63.706367,143.02225,120.092964,90.93484,25.367367,124.06474,125.64764,97.2127,116.597,159.62372
flipped_image_027.png,0.36660165,-9.99999993922529e-09,0.12522806,0.027805611,0.01148476,0.42814454,0.0,0.0,0.0,0.0,0.0,0.0,0.0,0.0,0.0,0.0,0.0,0.0,0.0,0.0,0.0,0.0,0.0,0.0,0.0,0.0,0.0,0.0,0.0,0.0,0.0,0.0,116.53543,134.89899,104.861275,184.86522,121.28589,116.704094,35.79227,124.62172,130.39526,133.14108,115.51786,150.74452
flipped_image_060.png,0.503148,1.615839958190918,0.0,0.0,0.0,0.0,0.0,0.0,0.0,0.0,0.0,0.0,0.0,0.0,0.0,0.0,0.0,0.0,0.0,0.0,0.0,0.0,0.0,0.0,0.0,0.0,0.0,0.0,0.0,0.0,0.0,0.0,82.829315,152.11304,69.84291,172.57672,113.61616,111.5199,28.440338,125.47755,127.78794,106.96028,111.17182,124.92189
image_085.png,0.4336252,1.8763936758041382,0.0,0.0,0.0,0.0,0.0,0.0,0.0,0.0,0.0,0.0,0.0,0.0,0.0,0.0,0.0,0.0,0.0,0.0,0.0,0.0,0.0,0.0,0.0,0.0,0.0,0.0,0.0,0.0,0.0,0.0,94.21454,143.30777,78.19761,152.51648,117.00958,99.17,39.02201,129.2263,120.38371,114.973946,125.54596,147.11514
flipped_image_016.png,0.3234661,0.0,0.0,0.0,0.0,0.0,0.0,0.0,0.0,0.0,0.0,0.0,0.0,0.0,0.0,0.0,0.0,0.0,0.0,0.0,0.0,0.0,0.0,0.0,0.0,0.0,0.0,0.0,0.0,0.0,0.0,0.0,96.17178,147.34065,69.55423,122.15922,127.52483,84.22006,36.843014,124.7326,116.370735,163.40065,119.09559,132.60634
image_130.png,0.4973373,1.9070861339569092,0.0,0.0,0.0,0.0,0.0,0.0,0.0,0.0,0.0,0.0,0.0,0.0,0.0,0.0,0.0,0.0,0.0,0.0,0.0,0.0,0.0,0.0,0.0,0.0,0.0,0.0,0.0,0.0,0.0,0.0,79.80653,147.8442,74.981766,137.19278,114.78587,110.12465,88.96839,118.91412,128.95403,41.246853,120.58842,135.9794
image_073.png,0.47532797,1.1756285429000854,0.0994932,0.14386457,0.9929108,0.51622283,0.0,0.0,0.0,0.0,0.0,0.0,0.0,0.0,0.0,0.0,0.0,0.0,0.0,0.0,0.0,0.0,0.0,0.0,0.0,0.0,0.0,0.0,0.0,0.0,0.0,0.0,120.53369,141.85991,78.78359,18.629627,127.07403,128.28563,184.79823,117.32668,122.959854,83.24501,130.36986,165.65266
image_076.png,0.48809928,1.0549201965332031,0.0,0.0,0.0,0.0,0.0,0.0,0.0,0.0,0.0,0.0,0.0,0.0,0.0,0.0,0.0,0.0,0.0,0.0,0.0,0.0,0.0,0.0,0.0,0.0,0.0,0.0,0.0,0.0,0.0,0.0,75.338875,127.794846,100.57405,126.47171,119.36188,109.84847,38.55016,122.950615,125.21816,88.72375,114.100136,124.57044
flipped_image_004.png,0.57675314,0.0,0.103430875,0.017613348,0.97150475,0.4497866,0.0,0.0,0.0,0.0,0.0,0.0,0.0,0.0,0.0,0.0,0.0,0.0,0.0,0.0,0.0,0.0,0.0,0.0,0.0,0.0,0.0,0.0,0.0,0.0,0.0,0.0,124.047485,133.55373,76.37898,27.909735,121.18897,131.97592,76.7903,125.017426,159.75055,104.173355,111.61911,153.5219
flipped_image_088.png,0.43864515,1.27985417842865,0.0,0.0,0.0,0.0,0.0,0.0,0.0,0.0,0.0,0.0,0.0,0.0,0.0,0.0,0.0,0.0,0.0,0.0,0.0,0.0,0.0,0.0,0.0,0.0,0.0,0.0,0.0,0.0,0.0,0.0,93.017654,145.66576,78.406654,157.01776,117.67927,101.281425,44.957527,128.22784,121.9171,108.29648,124.0788,147.23454
flipped_image_113.png,0.4954221,2.221695899963379,0.0,0.0,0.0,0.0,0.0,0.0,0.0,0.0,0.0,0.0,0.0,0.0,0.0,0.0,0.0,0.0,0.0,0.0,0.0,0.0,0.0,0.0,0.0,0.0,0.0,0.0,0.0,0.0,0.0,0.0,136.63106,118.18468,111.2989,59.08837,123.23177,116.5837,180.74692,116.70461,113.30125,13.44808,126.49265,124.68719
flipped_image_019.png,0.3829824,1.8466628789901733,0.0,0.0,0.0,0.0,0.0,0.0,0.0,0.0,0.0,0.0,0.0,0.0,0.0,0.0,0.0,0.0,0.0,0.0,0.0,0.0,0.0,0.0,0.0,0.0,0.0,0.0,0.0,0.0,0.0,0.0,86.45762,149.11874,71.81523,40.236263,131.43398,108.02526,158.21916,118.821304,117.08664,128.72507,120.7732,144.71094
image_118.png,0.4050505,2.7811977863311768,0.0,0.0,0.0,0.0,0.0,0.0,0.0,0.0,0.0,0.0,0.0,0.0,0.0,0.0,0.0,0.0,0.0,0.0,0.0,0.0,0.0,0.0,0.0,0.0,0.0,0.0,0.0,0.0,0.0,0.0,114.62823,137.30927,76.43272,162.1195,113.26972,100.85567,36.711903,125.634605,121.34105,133.39793,124.83825,142.00974
image_116.png,0.52050066,1.7197450399398804,0.0,0.0,0.0,0.0,0.0,0.0,0.0,0.0,0.0,0.0,0.0,0.0,0.0,0.0,0.0,0.0,0.0,0.0,0.0,0.0,0.0,0.0,0.0,0.0,0.0,0.0,0.0,0.0,0.0,0.0,77.29861,153.51363,70.636925,150.47081,116.58432,98.48356,18.062134,131.94781,122.799904,93.55004,128.78267,160.04256
flipped_image_148.png,0.5206968,0.0,0.0,0.0,0.0,0.0,0.0,0.0,0.0,0.0,0.0,0.0,0.0,0.0,0.0,0.0,0.0,0.0,0.0,0.0,0.0,0.0,0.0,0.0,0.0,0.0,0.0,0.0,0.0,0.0,0.0,0.0,114.117516,132.2246,81.03367,37.812363,122.189606,126.02233,156.18971,123.88396,154.6858,100.80738,131.76819,169.94737
flipped_image_124.png,0.5693664,0.0,0.0,0.0,0.0,0.0,0.0,0.0,0.0,0.0,0.0,0.0,0.0,0.0,0.0,0.0,0.0,0.0,0.0,0.0,0.0,0.0,0.0,0.0,0.0,0.0,0.0,0.0,0.0,0.0,0.0,0.0,69.2449,157.91293,67.93419,118.69093,123.54161,89.022285,32.11454,124.293884,128.16644,96.02099,98.68467,152.36903
image_093.png,0.45733878,1.3321789503097534,0.0,0.0,0.0,0.0,0.0,0.0,0.0,0.0,0.0,0.0,0.0,0.0,0.0,0.0,0.0,0.0,0.0,0.0,0.0,0.0,0.0,0.0,0.0,0.0,0.0,0.0,0.0,0.0,0.0,0.0,88.37989,151.01999,70.5355,18.326773,127.210495,129.40321,133.5052,109.81995,123.15853,98.935165,110.92531,154.70944
flipped_image_097.png,0.5575404,0.0,0.0,0.0,0.0,0.0,0.0,0.0,0.0,0.0,0.0,0.0,0.0,0.0,0.0,0.0,0.0,0.0,0.0,0.0,0.0,0.0,0.0,0.0,0.0,0.0,0.0,0.0,0.0,0.0,0.0,0.0,102.38428,136.17056,79.72285,146.44557,109.22629,100.82205,22.546246,122.73183,131.11723,100.44626,110.33041,146.55338
image_111.png,0.43389666,1.7930207252502441,0.0,0.0,0.0,0.0,0.0,0.0,0.0,0.0,0.0,0.0,0.0,0.0,0.0,0.0,0.0,0.0,0.0,0.0,0.0,0.0,0.0,0.0,0.0,0.0,0.0,0.0,0.0,0.0,0.0,0.0,84.630775,128.83394,102.44616,141.61879,123.92151,103.93822,191.51862,125.95983,117.23902,13.514742,127.30717,122.46416
image_089.png,0.39678067,0.0,0.0,0.0,0.0,0.0,0.0,0.0,0.0,0.0,0.0,0.0,0.0,0.0,0.0,0.0,0.0,0.0,0.0,0.0,0.0,0.0,0.0,0.0,0.0,0.0,0.0,0.0,0.0,0.0,0.0,0.0,117.52436,140.5011,72.87811,19.378962,128.03612,122.7922,93.68832,130.91843,138.60947,135.83917,115.32649,126.47694
flipped_image_123.png,0.5753094,0.6210863590240479,0.0,0.0,0.0,0.0,0.0,0.0,0.0,0.0,0.0,0.0,0.0,0.0,0.0,0.0,0.0,0.0,0.0,0.0,0.0,0.0,0.0,0.0,0.0,0.0,0.0,0.0,0.0,0.0,0.0,0.0,95.976974,156.79257,63.836582,146.78497,113.15371,94.86016,26.818453,127.72221,126.19447,106.531815,95.61191,153.2457
image_066.png,0.47810933,1.510398268699646,0.0,0.0,0.0,0.0,0.0,0.0,0.0,0.0,0.0,0.0,0.0,0.0,0.0,0.0,0.0,0.0,0.0,0.0,0.0,0.0,0.0,0.0,0.0,0.0,0.0,0.0,0.0,0.0,0.0,0.0,118.425186,128.94176,83.2833,30.689026,129.86935,127.12664,117.75794,114.492134,122.5575,83.59994,119.48394,154.01483
flipped_image_149.png,0.51052463,-9.99999993922529e-09,0.0,0.0,0.0,0.0,0.0,0.0,0.0,0.0,0.0,0.0,0.0,0.0,0.0,0.0,0.0,0.0,0.0,0.0,0.0,0.0,0.0,0.0,0.0,0.0,0.0,0.0,0.0,0.0,0.0,0.0,116.005394,130.1738,82.622185,40.579025,119.85752,127.17662,151.97221,122.58903,152.72536,93.288635,129.33104,168.30125
image_002.png,0.4563521,-9.99999993922529e-09,0.09709704,0.038686175,0.9625856,0.5187131,0.0,0.0,0.0,0.0,0.0,0.0,0.0,0.0,0.0,0.0,0.0,0.0,0.0,0.0,0.0,0.0,0.0,0.0,0.0,0.0,0.0,0.0,0.0,0.0,0.0,0.0,100.68211,151.40315,74.6178,139.81122,124.0467,91.58548,33.783657,122.37282,131.49127,113.381645,105.51083,161.07613
image_132.png,0.5320499,0.0,0.1353971,0.08340258,0.041784216,0.51468444,0.0,0.0,0.0,0.0,0.0,0.0,0.0,0.0,0.0,0.0,0.0,0.0,0.0,0.0,0.0,0.0,0.0,0.0,0.0,0.0,0.0,0.0,0.0,0.0,0.0,0.0,72.65641,151.4921,72.82866,36.75516,122.47857,133.10553,116.13528,108.66844,143.2682,84.76203,113.67412,157.24219
flipped_image_054.png,0.6460815,1.364281177520752,0.0,0.0,0.0,0.0,0.0,0.0,0.0,0.0,0.0,0.0,0.0,0.0,0.0,0.0,0.0,0.0,0.0,0.0,0.0,0.0,0.0,0.0,0.0,0.0,0.0,0.0,0.0,0.0,0.0,0.0,57.48889,128.11894,103.33572,105.68469,121.218346,100.80301,29.334587,120.89454,126.14444,71.59438,114.77712,127.62101
image_011.png,0.5588356,-9.99999993922529e-09,0.0,0.0,0.0,0.0,0.0,0.0,0.0,0.0,0.0,0.0,0.0,0.0,0.0,0.0,0.0,0.0,0.0,0.0,0.0,0.0,0.0,0.0,0.0,0.0,0.0,0.0,0.0,0.0,0.0,0.0,80.13954,164.53568,58.204544,109.07548,150.22842,63.127636,16.867168,126.03875,123.04545,110.358795,127.35072,156.04535
flipped_image_139.png,0.5541497,1.7416064739227295,0.09752664,0.11189919,0.0028708673,0.4871794,0.0,0.0,0.0,0.0,0.0,0.0,0.0,0.0,0.0,0.0,0.0,0.0,0.0,0.0,0.0,0.0,0.0,0.0,0.0,0.0,0.0,0.0,0.0,0.0,0.0,0.0,142.52057,114.504845,92.89581,39.471554,118.95652,140.6378,76.46334,114.598694,156.32361,122.36705,106.56493,166.75677
flipped_image_064.png,0.55892265,0.0,0.11208055,0.14288458,0.015679013,0.50329655,0.0,0.0,0.0,0.0,0.0,0.0,0.0,0.0,0.0,0.0,0.0,0.0,0.0,0.0,0.0,0.0,0.0,0.0,0.0,0.0,0.0,0.0,0.0,0.0,0.0,0.0,65.859764,152.05057,77.130974,116.46599,116.318115,106.35512,23.16793,125.408485,128.9047,90.29303,112.08719,127.350235
flipped_image_103.png,0.581195,0.0,0.0,0.0,0.0,0.0,0.0,0.0,0.0,0.0,0.0,0.0,0.0,0.0,0.0,0.0,0.0,0.0,0.0,0.0,0.0,0.0,0.0,0.0,0.0,0.0,0.0,0.0,0.0,0.0,0.0,0.0,73.28881,155.68848,70.305405,145.66655,128.73271,79.82912,17.354294,126.84907,121.58864,60.611237,109.493385,150.84323
flipped_image_049.png,0.43116882,1.7167028188705444,0.0,0.0,0.0,0.0,0.0,0.0,0.0,0.0,0.0,0.0,0.0,0.0,0.0,0.0,0.0,0.0,0.0,0.0,0.0,0.0,0.0,0.0,0.0,0.0,0.0,0.0,0.0,0.0,0.0,0.0,80.470695,134.12425,94.519585,125.88934,127.4589,98.37277,173.03624,123.48484,109.16851,33.717308,125.67687,123.30067
image_065.png,0.5009098,0.0,0.0,0.0,0.0,0.0,0.0,0.0,0.0,0.0,0.0,0.0,0.0,0.0,0.0,0.0,0.0,0.0,0.0,0.0,0.0,0.0,0.0,0.0,0.0,0.0,0.0,0.0,0.0,0.0,0.0,0.0,81.351364,147.05809,75.38816,120.45375,118.801056,106.53945,33.46222,126.77071,130.58183,77.052055,134.14491,159.66203
image_137.png,0.49864522,2.545835256576538,0.0,0.0,0.0,0.0,0.0,0.0,0.0,0.0,0.0,0.0,0.0,0.0,0.0,0.0,0.0,0.0,0.0,0.0,0.0,0.0,0.0,0.0,0.0,0.0,0.0,0.0,0.0,0.0,0.0,0.0,146.49686,113.810135,92.73639,37.385616,119.87716,137.79898,84.82172,112.82232,152.96523,136.76729,107.158676,156.03128
image_033.png,0.5000441,0.4293229877948761,0.121571675,0.038438067,0.99490625,0.49971592,0.0,0.0,0.0,0.0,0.0,0.0,0.0,0.0,0.0,0.0,0.0,0.0,0.0,0.0,0.0,0.0,0.0,0.0,0.0,0.0,0.0,0.0,0.0,0.0,0.0,0.0,33.7469,123.25082,137.99062,133.1854,120.45455,139.60452,99.71381,122.829605,145.25815,69.90918,122.51481,145.50325
flipped_image_010.png,0.48979574,0.6365141272544861,0.0,0.0,0.0,0.0,0.0,0.0,0.0,0.0,0.0,0.0,0.0,0.0,0.0,0.0,0.0,0.0,0.0,0.0,0.0,0.0,0.0,0.0,0.0,0.0,0.0,0.0,0.0,0.0,0.0,0.0,90.92817,155.88281,63.09456,125.11279,142.76254,68.654434,19.652792,126.76187,121.937195,118.35204,127.56428,161.27132
flipped_image_072.png,0.44610822,1.610012412071228,0.083841585,0.2202693,0.98245746,0.49382493,0.0,0.0,0.0,0.0,0.0,0.0,0.0,0.0,0.0,0.0,0.0,0.0,0.0,0.0,0.0,0.0,0.0,0.0,0.0,0.0,0.0,0.0,0.0,0.0,0.0,0.0,163.4785,126.618355,96.864655,20.396215,127.96479,127.050285,83.001854,121.97631,160.22961,132.55707,110.80337,147.44534
flipped_image_069.png,0.56488377,0.0,0.0,0.0,0.0,0.0,0.0,0.0,0.0,0.0,0.0,0.0,0.0,0.0,0.0,0.0,0.0,0.0,0.0,0.0,0.0,0.0,0.0,0.0,0.0,0.0,0.0,0.0,0.0,0.0,0.0,0.0,62.567986,163.0805,64.71383,99.9385,140.38583,75.52072,90.32342,116.81199,115.49,23.75406,120.243034,129.23239
image_120.png,0.5601396,1.6449114084243774,0.0,0.0,0.0,0.0,0.0,0.0,0.0,0.0,0.0,0.0,0.0,0.0,0.0,0.0,0.0,0.0,0.0,0.0,0.0,0.0,0.0,0.0,0.0,0.0,0.0,0.0,0.0,0.0,0.0,0.0,83.13457,145.22694,76.21894,132.18068,118.91522,92.34994,21.687641,126.493835,131.3239,92.23819,109.142105,145.36879
flipped_image_144.png,0.44993857,0.0,0.0,0.0,0.0,0.0,0.0,0.0,0.0,0.0,0.0,0.0,0.0,0.0,0.0,0.0,0.0,0.0,0.0,0.0,0.0,0.0,0.0,0.0,0.0,0.0,0.0,0.0,0.0,0.0,0.0,0.0,103.487206,134.10196,81.93934,145.6713,118.1379,89.56973,36.067383,123.78288,119.63644,172.54295,118.203156,130.86707
image_129.png,0.5815414,0.0,0.10547697,0.08333784,0.012683204,0.51050216,0.0,0.0,0.0,0.0,0.0,0.0,0.0,0.0,0.0,0.0,0.0,0.0,0.0,0.0,0.0,0.0,0.0,0.0,0.0,0.0,0.0,0.0,0.0,0.0,0.0,0.0,79.518974,155.15953,68.2057,143.17395,115.92998,102.291245,20.544168,126.16719,128.9227,99.60755,120.88898,154.68811
image_015.png,0.3347982,0.0,0.0,0.0,0.0,0.0,0.0,0.0,0.0,0.0,0.0,0.0,0.0,0.0,0.0,0.0,0.0,0.0,0.0,0.0,0.0,0.0,0.0,0.0,0.0,0.0,0.0,0.0,0.0,0.0,0.0,0.0,109.37887,135.6791,78.52512,136.75584,124.91586,82.920265,51.538895,123.22597,119.65464,169.956,119.86181,138.42938
image_057.png,0.50593853,0.0,0.0,0.0,0.0,0.0,0.0,0.0,0.0,0.0,0.0,0.0,0.0,0.0,0.0,0.0,0.0,0.0,0.0,0.0,0.0,0.0,0.0,0.0,0.0,0.0,0.0,0.0,0.0,0.0,0.0,0.0,77.48452,158.02362,65.37033,171.73038,116.88305,108.71468,21.207987,125.69782,125.21701,106.424,106.347916,134.91106
image_052.png,0.61161745,0.0,0.0,0.0,0.0,0.0,0.0,0.0,0.0,0.0,0.0,0.0,0.0,0.0,0.0,0.0,0.0,0.0,0.0,0.0,0.0,0.0,0.0,0.0,0.0,0.0,0.0,0.0,0.0,0.0,0.0,0.0,103.9177,127.29823,89.100105,53.194607,134.3768,95.08645,65.72349,127.53304,118.21679,32.372364,119.56832,128.91045
